,level_0,index,peptide_name,peptide_seq,peptide_length,receptor_Rg,pep_mod_start_resi_global,pep_mod_end_resi_global,peptide_receptor_distance,pLDDT_weighted_peptide_receptor_distance,peptide_tip_receptor_distance,pLDDT_threshold_globaled_peptide_receptor_distance,peptide_receptor_distance_difference,weighted_peptide_receptor_distance_difference,peptide_tip_receptor_distance_difference,pLDDT_threshold_globaled_peptide_receptor_distance_difference,total_contact_atom_in_interface_thresholded,total_contact_atom_in_interface_ins_only,total_contact_atom_in_interface_thresholded_difference,total_contact_atom_in_interface_ins_only_difference,total_contact_atom_in_interface,total_contact_atom_in_interface_competitor,total_contact_atom_in_interface_weighted,total_contact_atom_in_interface_weighted_competitor,angle_between_membrane_anchor_and_peptide,angle_between_membrane_anchor_and_competitor_peptide,binding_angle_factor,binding_angle_factor_competitor,contact_point_distance_to_membrane,contact_point_distance_to_membrane_competitor,distance_to_membrane_factor,distance_to_membrane_factor_competitor,insert_contact_distance,insert_contact_distance_competitor,weighted_peptide_contact_distance,weighted_peptide_contact_distance_competitor,pLDDT_weighted_linear_center_contact_distance,pLDDT_weighted_linear_center_contact_distance_competitor,folded_factor,folded_factor_competitor,total_contact_atom_in_interface_difference,total_contact_atom_in_interface_angle_factored,total_contact_atom_in_interface_difference_angle_factored,angle_between_membrane_anchor_and_peptide.1,end_to_end_distance,average_pLDDT,pLDDT_threshold_global,n_atom_above_threshold,interface_pLDDT,interface_pLDDT_competitor,vdw_strain,clash_number,vdw_strain_competitor,clash_number_competitor,peptide_direction,peptide_direction_competitor,receptor_Rminor,interface_energy_score,interface_energy_score_competitor,interface_energy_score_difference,constrained_interface_energy_score,pocket_relative_depth,constrained_interface_energy_score_competitor,peptide_tip_receptor_distance_competitor,pocket_relative_depth_competitor,constrained_interface_energy_score_difference,B_POI,B_competitor,Delta_B
0,0,56,SRK-53,AQLTSSNALAQAQTG,15.0,13.361023776819783,3.0,9.0,12.2093729,4.8045205913703315,5.380886439999999,11.809279499999999,3.3572020399999998,-0.5136350310434912,4.7158296,1.2649704880000001,139.7,103.0,88.1,6.1,152.1,121.0,7290.65500164032,5913.127017211914,2.4214194699999996,1.561034514,0.9999706440264562,0.947879342582198,18.384774099999998,10.737571254999999,0.999999674779467,0.903228102848957,2.6864754800000004,3.2303083399999997,8.34994911,12.622259399999999,3.8708795147557744,5.441253798491028,0.9937666099677029,0.8862335114472675,31.1,152.09501882599506,36.49753416496949,2.4214194699999996,9.8295647,32.71847927570343,25.0,44.3,32.3295909428421,23.300322679182543,247.95769348144532,0.4,280.795361328125,2.2,-9.033230200000002,-9.47263894,13.400000000000002,116.1,44.2,71.9,173.8049598855746,8.019113560000001,49.00878169439345,10.09671604,3.3032839600000004,124.79617819118114,173.8049598855746,49.00878169439345,124.79617819118114
1,1,9,SRK-50,AQNNFNASLAQAQTG,15.0,13.311997460107147,3.0,9.0,10.70466055,2.291205082772321,5.72515828,10.70466055,3.2948829600000002,1.3751918581211104,4.287615799999999,2.5476517000000003,142.1,89.0,112.8,24.0,144.2,89.0,7274.306979179382,4544.0719945907595,2.6049439,1.147363686,0.9999871849086649,0.7805068639619013,17.6922039,6.0367806349999995,0.9999991316391539,0.5583763157726659,2.75124189,4.4081082899999995,7.1414712399999996,11.163155249999999,4.408633848983195,7.103702206165998,0.9917391023414697,0.9355207048939533,55.2,144.19797430550994,75.92480975933267,2.6049439,10.2534861,35.405184985973214,25.0,54.0,33.865306079088406,23.182899496383282,334.3876922607422,0.6,279.7134643554688,3.6,-6.515825479999999,-5.4187841409,13.400000000000002,120.1,16.4,103.7,166.99148182627735,7.674841720000001,18.787346678108822,10.01277408,3.38722592,148.20413514816852,166.99148182627735,18.787346678108822,148.20413514816852
2,2,54,SRK-28,AQIVSNQMSAQAQTG,15.0,13.331452331051622,3.0,9.0,11.7850437,2.6272439534572696,7.063690229999999,11.542245499999998,2.481021174,1.0631444823919636,1.0579878609999998,0.838032606,133.9,91.9,68.0,29.5,138.1,95.3,6852.6089866638185,5084.356996917724,2.6869067500000003,1.86796443,0.999995137846037,0.9411002698250444,19.291380300000004,12.207134933999999,0.9999998175718939,0.8227118007433367,3.54343322,5.950262969999999,8.676414649999998,8.66389587,5.849483387303604,7.266337542989959,0.9327829587942114,0.8277747712463702,42.8,138.0994291924714,47.77701384791423,2.6869067500000003,11.9681172,34.90807703091547,25.0,48.3,33.646733967952784,27.073878490578103,244.70220642089845,0.6,355.26659240722654,0.6,-4.43443395,-5.32485464,13.400000000000002,83.3,70.3,13.0,122.50573093425128,6.336309770000001,92.15160649802729,8.121678091,5.278321909000001,30.354124436224005,122.50573093425128,92.15160649802729,30.354124436224005
3,3,2,SRK-24,AQFNSKLQLAQAQTG,15.0,13.349161259706563,3.0,9.0,12.1500992,3.5306765352747886,6.369407069999999,20.822986800000002,3.077651025,0.774537041939448,3.1886559880000003,0.9001210261000001,72.5,72.4,14.3,5.1,102.8,96.4,5307.319994544983,5026.329012680054,2.59266672,1.701533555,0.9999460930279236,0.975874307720761,18.478662000000003,10.753977650000001,0.9999980305944505,0.8631371005807689,3.0022152,4.51412545,9.2618628,10.91755768,5.358031598798798,5.090069644738735,0.9862205829996125,0.9482211892516217,6.4,102.79375951818122,7.591141296326212,2.59266672,10.7431625,29.33366092099982,25.0,44.4,28.379276914444574,25.089943913065245,405.5450408935547,1.4,324.0891830444336,2.0,1.32772996,-7.286588620000001,13.400000000000002,78.9,21.5,57.4,118.7240062492543,7.03059293,31.14388298512864,9.558063058000002,3.8419369419999994,87.58012326412566,118.7240062492543,31.14388298512864,87.58012326412566
4,4,11,SRK-8,AQTHDAQAWAQAQTG,15.0,13.328890219637534,3.0,9.0,12.8482304,2.9807998843306827,6.50916043,12.4283253,2.070164944,0.7840367396241946,3.26773336,0.8156692504999998,127.9,69.0,75.3,-9.2,130.1,98.8,6806.217994499207,4863.113006401062,2.7116158500000003,1.1437134939999998,0.9999945967158977,0.8230978767371342,18.100481600000002,5.571095282,0.9999996329736428,0.6174260711492041,4.95073631,3.13396447,7.4717305199999995,12.6877003,4.793189985413416,5.730448023223412,0.9843132727861452,0.9079320789741985,31.3,130.09895049029964,42.96072593852149,2.7116158500000003,11.617792600000001,31.553948195227264,25.0,53.8,32.90544615650405,23.801844557977887,311.89573822021487,1.6,295.16320571899416,2.0,-8.15784536,-2.6625547000000003,13.400000000000002,79.0,32.0,47.0,117.11736962627023,6.89083957,38.68438406243216,9.77689379,3.6231062100000004,78.43298556383809,117.11736962627023,38.68438406243216,78.43298556383809
5,5,7,Dis90,AQWKNMGLQAQAQTG,15.0,13.300628922641787,3.0,9.0,12.1729406,2.4722937616386726,8.307101,11.885818449999999,1.88603987,2.337201347069665,0.8622062499999998,1.409421928,111.3,84.7,43.0,18.4,133.6,81.2,7403.437003898621,4020.6040090560914,2.78299661,1.94222566,0.9999960188357064,0.9969000796714085,19.938897000000004,14.029133100000001,0.999999938247407,0.9913804044112812,3.23026063,4.003026810000001,7.83488103,9.790548050000002,7.638038596544083,6.40752701293371,0.9765446585894446,0.9218848004600959,52.4,133.59974031493033,52.564464508866855,2.78299661,11.642440099999998,38.07691658655803,25.0,45.4,35.43820697198556,26.521397599715065,375.7927307128906,2.2,367.7320526123047,1.8,1.893403154,-4.86315585,13.400000000000002,97.4,45.6,51.8,113.28397353062107,5.092899,65.43267639222721,9.16930725,4.230692750000001,47.851297138393846,113.28397353062107,65.43267639222721,47.851297138393846
6,6,33,SRK-78,AQTAYLEVKAQAQTG,15.0,13.374581772767053,3.0,9.0,10.9111354,3.1810746583081047,6.061989410000001,10.735700650000002,5.166949407000001,2.4094430580523998,4.60720189,2.65567578,79.5,66.3,14.5,1.1,91.4,106.5,4948.696986579895,4880.721998977661,2.7188872299999995,2.2063861200000003,0.9999708408030236,0.9962343996872264,18.6013515,18.322261570000002,0.9999977488721943,0.9873981032816406,3.5516055399999997,7.657137889999999,7.0259051800000005,11.50956795,7.58513510518037,9.555545653700129,0.8867054030473064,0.8884482931251559,-15.1,91.39703794577318,-14.619991012447642,2.7188872299999995,14.052689830000002,31.545964963812576,25.0,53.7,29.405912081222862,25.41069429250786,425.7954528808594,1.2,267.1728790283203,2.4,-3.1342075659999997,-6.894122351999999,13.400000000000002,61.6,50.3,11.3,107.396225619045,7.338010589999999,56.64214329933698,10.669191299999998,2.7308087,50.75408231970804,107.396225619045,56.64214329933698,50.75408231970804
7,7,40,PHP.B,AQTLAVPFKAQAQTG,15.0,13.323181428111045,3.0,9.0,10.088628459999999,3.249040725767336,5.77862421,9.85581595,4.782565239999999,2.0508573025827825,4.04907206,5.003297304,112.1,103.0,41.4,46.9,150.2,89.1,7130.583005905151,4278.04599609375,2.6354568,2.2115816600000002,0.9999855284575807,0.9964419451562518,18.0818974,17.073518720000003,0.9999995136447979,0.9423905651760979,3.2291010300000003,5.2379373,7.11288516,9.08012519,6.544599460056423,4.923919291053298,0.8878080738690773,0.974992920931367,61.1,150.19736886979703,61.17491619928724,2.6354568,13.401578070000003,29.69672235206321,25.0,49.6,27.970652489286266,26.00822898443378,302.1207809448242,2.4,303.1257843017578,3.4,-1.4192915100000003,-2.8031832099999994,13.400000000000002,56.3,14.9,41.4,105.53052210533608,7.62137579,40.91007429393754,9.82769627,3.5723037300000002,64.62044781139858,105.53052210533608,40.91007429393754,64.62044781139858
8,8,78,SRK-39,AQLGDITGFAQAQTG,15.0,13.296821285644006,3.0,9.0,9.932894000000001,2.6487298393218515,5.8451191,9.8050061,5.124706160000001,1.9408995428847384,4.39447283,0.3194193800000001,96.2,75.9,74.0,-1.8,107.7,96.7,5959.866998672485,4931.679989624024,2.7736745400000005,1.039747151,0.9999978130847851,0.6702001952189833,18.3159897,4.451729845000001,0.9999995606899608,0.38458784921745115,2.1871049399999998,3.8218011700000005,6.984511620000001,11.0730539,4.537908148417118,4.952440268447381,0.9836221144702286,0.8782653075030412,11.0,107.69976008130152,40.20220498154915,2.7736745400000005,11.5537321,32.40399982452392,25.0,47.2,31.09160525467729,22.517790363865778,360.3616943359375,1.2,328.8947563171387,3.6,-3.42321594,-4.1366393200000005,13.400000000000002,56.1,22.4,33.7,104.15354525132322,7.554880900000001,31.39917904903499,10.23959193,3.160408070000001,72.75436620228824,104.15354525132322,31.39917904903499,72.75436620228824
9,9,35,SRK-64,AQVFQATRTAQAQTG,15.0,13.385283350164276,3.0,9.0,12.7215891,3.8826884306539085,7.11592773,11.91542157,3.7533011199999997,0.6378702583292124,4.095313320000001,0.7099730499999998,75.9,50.9,30.9,3.1,86.9,82.2,5176.228014945984,3840.874004936218,2.58736485,1.6645210395999999,0.9999745403586985,0.7730989391390425,19.1350524,11.48674312,0.999999277119301,0.6909012168059381,5.46474136,7.5841045199999995,8.96980824,10.70638305,7.381540509591697,9.30935568199153,0.8674342611349981,0.847837225882724,4.7,86.89759547233828,21.719697480272163,2.58736485,13.900170300000003,33.61080696708278,25.0,45.2,32.63962358354636,25.21516067136492,153.90576171875,0.6,293.1741287231445,2.6,-1.65323621,-6.225543184,13.400000000000002,60.5,33.9,26.6,103.65478844611896,6.28407227,30.6040788084158,11.211241050000002,2.18875895,73.05070963770318,103.65478844611896,30.6040788084158,73.05070963770318
10,10,64,SRK-61,AQNHMVRELAQAQTG,15.0,13.37134816257279,3.0,9.0,11.2988724,2.546442044575283,6.69166156,11.2988724,5.632340749999999,1.913791277725189,3.8335427069999994,2.68488888,149.1,80.2,103.1,14.4,151.4,89.9,9036.735976028442,4542.080993843078,2.6797833599999996,1.3247006,0.999996048305581,0.8086690360150112,18.127623299999996,7.785932879999999,0.9999993929963749,0.6742142059395737,3.68228378,6.161129347,7.165044399999999,11.10521273,3.7654866995144323,7.930953457281655,0.9893342213884996,0.9114275244923759,61.5,151.39933993957874,78.22748516967725,2.6797833599999996,10.870175999999999,46.555999918453026,25.0,61.0,45.43047579944983,25.267644236164355,310.81587982177734,1.4,290.9344932556152,2.2,-4.8596314099999995,-8.12267877,13.400000000000002,70.9,42.6,28.3,103.53702159739105,6.70833844,46.85281062501599,10.525204267000001,2.8747957330000005,56.684210972375034,103.53702159739105,46.85281062501599,56.684210972375034
11,11,74,SRK-74,AQIPVSIQAAQAQTG,15.0,13.339014091082731,3.0,9.0,11.1342511,2.7056375237770744,7.15507444,10.2300927,2.6792413699999993,-0.15313026180282127,0.8816717030000001,2.942323767,75.9,80.2,20.0,34.6,119.2,75.2,5853.67799282074,4052.0569780349733,2.5735094700000003,2.5524464399999998,0.9999828924011464,0.9977366291275193,18.7068736,17.83144674,0.9999991095105754,0.9870187733952671,4.03595759,6.60754453,8.04052692,7.7809191700000016,7.12641310779477,7.883762982716559,0.8186904050234667,0.8017594392608614,44.0,119.19829445871578,44.213192581994704,2.5735094700000003,16.386609,27.28198003005981,25.0,39.4,25.931146743066403,26.802225204785703,374.15907096862793,1.6,214.46156616210936,0.8,-4.765306932,-5.7191176299999995,13.400000000000002,68.1,36.8,31.3,99.05845951709091,6.244925560000001,65.93505082199098,8.036746142999998,5.363253857000001,33.12340869509997,99.05845951709091,65.93505082199098,33.12340869509997
12,12,61,SRK-38,AQTLYNAIHAQAQTG,15.0,13.304297775602015,3.0,9.0,9.2512116,1.899039990682652,5.6545271800000005,9.2512116,5.665521409999999,3.362166950224583,4.31908238,2.941890333,133.1,84.7,89.5,18.6,134.9,102.1,7717.5419713974,4991.024990272522,2.92827837,1.7678435439999998,0.9999990924301185,0.9120961108307994,18.301770100000002,13.925424459999999,0.9999996815153803,0.8693952411710159,2.037442636,6.07129034,6.443965179999999,10.6148967,4.593344036605641,5.578772227632685,0.9930326792490757,0.942801413330568,32.8,134.8998462830244,43.41067468794373,2.92827837,10.033110299999999,43.47762063453938,25.0,58.0,40.70449508986998,24.57166966588167,335.86528930664065,2.2,298.5635040283203,3.0,-2.72407573,-4.463176080000001,13.400000000000002,49.5,46.4,3.1,96.66335842553823,7.745472820000001,48.65575027525485,9.97360956,3.42639044,48.00760815028339,96.66335842553823,48.65575027525485,48.00760815028339
13,13,37,SRK-17,AQTTMGTMLAQAQTG,15.0,13.330073469904931,3.0,9.0,10.4160687,1.7761963425025111,5.83419766,10.4160687,5.361939340000001,3.4139109396857394,4.547935366,4.077677703999999,112.8,66.5,58.2,2.7,113.4,88.1,6794.063011360168,4778.746992111206,2.6308077699999997,1.6832181250000002,0.9999951702676613,0.949960898559096,17.306617,12.252056354999999,0.9999991608796132,0.8942609940925669,2.79450119,4.06235875,7.352314,9.9793551,4.0413726723630905,5.327397138654447,0.9932118248711355,0.9213113789496397,25.3,113.3994225039946,29.171192886747633,2.6308077699999997,9.970445100000001,42.70949002090765,25.0,49.0,41.07530469826002,28.479451806821096,296.57680358886716,1.0,208.12335510253905,2.8,-5.10250858,-4.54741387,13.400000000000002,50.4,29.5,20.9,95.09346392269023,7.56580234,36.100001527256225,10.382133026,3.017866974,58.99346239543403,95.09346392269023,36.100001527256225,58.99346239543403
14,14,38,SRK-93,AQSVSTPRGAQAQTG,15.0,13.327331121476462,3.0,9.0,13.73245,4.3976678996319,10.889380800000001,39.3146423,0.330263427,0.6689452102262969,-2.4935396699999997,-0.18482942000000002,72.7,69.2,18.9,-7.2,107.9,110.9,5779.005015182495,5663.304001045227,0.91796155,1.83841018,0.8305216329417847,0.9237103871431198,3.0117527429999997,11.939396205,0.5604452456618849,0.7111493385214533,3.2096148300000005,5.68164946,9.8892849,8.339142440000002,8.86341637444944,6.010724280310505,0.8534634940956952,0.8988340693248947,-3.0,93.87958039837656,-9.786847460109612,0.91796155,16.431120900000003,30.144083448251088,25.0,32.1,30.813768827082402,24.154690028330215,358.62586669921876,0.2,311.8356414794922,2.8,1.0386238000000003,-5.76804202,13.400000000000002,96.8,34.8,62.0,91.6773357996381,2.5106192000000007,62.041863296778715,8.395841129999999,5.0041588699999995,29.635472502859386,91.6773357996381,62.041863296778715,29.635472502859386
15,15,5,SRK-42,AQVRIPGALAQAQTG,15.0,13.353233054355275,3.0,9.0,13.025936449999998,3.960272856095313,6.64156096,12.535986750000001,-0.0838707,-1.0654077501782384,2.07026492,-0.20785672800000027,88.8,87.3,11.1,-0.7,105.2,106.9,5177.2120021820065,5405.206999778748,2.34616213,1.429790804,0.9999569899117187,0.9005198135273901,18.107030799999997,9.07768531,0.9999991673083647,0.7449321886957619,2.75653261,3.74086093,9.97936527,10.52611529,5.672124781744086,6.0215295705767655,0.9757969949953293,0.8173246749845463,-1.7,105.19479298546817,8.737332075970663,2.34616213,11.64379825,28.038460186004635,25.0,45.0,27.714157735281766,25.505323448168745,332.22130889892577,3.2,242.84756393432616,2.2,-8.030122160000001,-5.2727083100000005,13.400000000000002,50.8,26.1,24.7,91.11901302472617,6.758439040000001,43.782831719620596,8.71182588,4.68817412,47.33618130510558,91.11901302472617,43.782831719620596,47.33618130510558
16,16,63,SRK-90,AQNKLTANGAQAQTG,15.0,13.370187359058471,3.0,9.0,15.0916706,6.045367120618388,10.54582594,48.598125700000004,-2.120171471,-2.225795364495538,-2.4840619569999998,-0.9544703520000001,70.7,104.6,8.0,32.1,138.4,96.3,6084.304015922547,5182.8299922943115,1.77247971,1.6754120099999998,0.9656254037478194,0.8129297174015224,13.57746093,9.486231229999998,0.888587737994896,0.694100273185706,4.31890697,4.3940095669999994,11.92270331,8.38736678,5.704991508805344,6.203099171395783,0.9016682647307157,0.9323281816850088,42.1,135.05773982006073,54.93587774354542,1.77247971,14.4363181,24.12183676739128,25.0,20.0,23.95876739775732,26.393921650467654,262.4638397216797,2.6,357.0272689819336,2.4,-5.8021675450000005,-3.8013163959999994,13.400000000000002,80.9,43.6,37.3,85.83105705295918,2.8541740600000005,74.03833662282202,8.061763983000002,5.338236017000001,11.79272043013717,85.83105705295918,74.03833662282202,11.79272043013717
17,17,6,SRK-30,AQNMKIQHVAQAQTG,15.0,13.353862472304154,3.0,9.0,13.4447812,3.3564525345104244,8.774996009999999,13.173301700000001,0.21613476599999992,1.7003065772066233,-0.6414057300000001,-0.015355603999999957,131.7,100.5,50.9,13.9,145.0,129.7,6618.007002639771,6596.6100011825565,2.31932198,2.1567442600000004,0.999857007812445,0.9998255082699459,17.0316216,16.380728000000005,0.9999870323956092,0.9999857577453838,4.3597516,5.28355449,9.26654723,10.136721099999999,5.0158532357370404,5.424480007140633,0.9202443812038903,0.9294900583498658,15.3,144.97277651601163,15.298849849913804,2.31932198,13.66439245,29.972220330319157,25.0,53.4,29.478301027193766,26.29555426338012,307.54953536987307,1.6,296.7457748413086,4.2,-5.989948939999999,-8.25559199,13.400000000000002,66.8,26.6,40.2,84.94727670831139,4.62500399,54.30633044736338,8.133590279999998,5.26640972,30.64094626094801,84.94727670831139,54.30633044736338,30.64094626094801
18,18,23,SRK-70,AQINPGITLAQAQTG,15.0,13.339008590654117,3.0,9.0,10.787755199999998,2.850214642827635,6.2579583,10.525022799999999,2.254591962,1.573084180252996,2.5761707260000004,1.1981925947,72.9,61.0,4.5,-21.9,82.9,111.5,4410.883996391296,5701.248022079468,2.74595237,1.2129421040000001,0.9999937893074847,0.8988912140317404,18.971206900000006,6.778110550000001,0.9999998680086291,0.7415653350895176,3.4307217299999997,4.44991505,8.181395830000001,9.87654735,3.212747107644776,6.821092162413526,0.9634977791575133,0.8630866717351282,-28.6,82.89943046110257,-17.991035345629307,2.74595237,10.17231215,29.91159997940063,25.0,45.6,29.812042601705134,24.814339856190614,320.5891830444336,1.6,309.0547073364258,2.2,-5.54089187,-4.463969395,13.400000000000002,45.5,32.1,13.4,84.15439493173469,7.1420417,42.06095770596686,8.834129026000001,4.565870974,42.093437225767836,84.15439493173469,42.06095770596686,42.093437225767836
19,19,47,SRK-29,AQPRPERMYAQAQTG,15.0,13.354547382967397,3.0,9.0,13.407958249999998,3.569168362684471,7.90353036,13.545985049999999,0.025547310999999982,1.2592370064217273,0.331677013,-0.7224334,90.0,84.6,-0.6,-7.0,105.1,126.8,5556.845997619629,6201.658999443054,1.9388546990000002,1.37837189,0.7744528829440005,0.9296442804990717,11.63339433,7.772629275999999,0.7015621668763938,0.7453218134907494,3.39530621,3.27573857,9.429907069999997,10.084889010000001,5.50391967134892,5.847100767751154,0.9856478128572878,0.9338491039506642,-21.7,78.00833804845394,-41.854868070139574,1.9388546990000002,11.364630300000004,32.31450782775879,25.0,62.4,31.849649923915116,27.229515603087624,318.49262084960935,1.0,319.4176910400391,6.2,-5.933937869999999,-4.214203663999999,13.400000000000002,71.6,30.3,41.3,82.64606011627941,5.49646964,45.8830309212202,8.235207373,5.164792627,36.7630291950592,82.64606011627941,45.8830309212202,36.7630291950592
20,20,76,SRK-13,AQWTEQRLVAQAQTG,15.0,13.347991026521395,3.0,9.0,13.637965599999998,2.3703845744275918,8.04432461,13.307583099999999,2.4647434759999998,2.0509017504289755,3.723813033,0.6658745899999999,68.1,52.4,43.5,17.1,86.6,46.2,4650.47797870636,2206.073998451233,2.7373612400000003,1.8027812495,0.9999906092196202,0.853739306030717,19.699053100000004,11.477434810000002,0.999999482583417,0.6986242138025147,6.18946275,5.1502896400000004,8.298323840000002,11.45764995,6.151716072921051,6.908213794619561,0.8035032826189032,0.8324605496813549,40.4,86.59920384120419,52.00482642448414,2.7373612400000003,15.160483949999996,29.292876851008486,25.0,58.7,27.73653111333085,24.13258700523874,261.78753662109375,0.6,229.9390838623047,0.2,-4.669028140000001,-3.74685544,13.400000000000002,56.2,36.6,19.6,80.29575039080332,5.35567539,37.50799192592059,11.768137643,1.631862357,42.787758464882735,80.29575039080332,37.50799192592059,42.787758464882735
21,21,21,SRK-67,AQQVPHLHSAQAQTG,15.0,13.383022889660543,3.0,9.0,18.3551138,6.494496007815362,11.8868136,57.6254728,-1.2633497569999999,-1.3651938269273998,0.12822641,0.5899961700000002,54.5,78.9,-2.2,23.8,118.7,75.8,4821.711014556885,3733.930005836487,1.56019701,1.085417543,0.9473648869990642,0.678260882880448,10.999986289999999,15.569278549999998,0.8772142991485785,0.5126151611314207,8.04718465,15.064529380000002,12.5495542,20.382158930000003,7.862089866907171,15.552234015374234,0.8354903983785938,0.9367424971382103,42.9,113.18917064441248,52.980726856129195,1.56019701,16.701129200000004,22.467754494516477,25.0,15.5,22.587895369158645,22.882283926586855,380.31613998413087,1.0,235.29748306274413,0.8,-8.40695614,-5.8838623,13.400000000000002,73.9,42.7,31.2,75.7637641913639,1.5131864000000004,28.534345680372535,12.01504001,1.38495999,47.22941851099135,75.7637641913639,28.534345680372535,47.22941851099135
22,22,43,SRK-21,AQFRHLTGAAQAQTG,15.0,13.301745833358192,3.0,9.0,14.32848435,3.838550216622805,9.895699019999999,30.260977449999995,0.90217778,0.8391340634329556,-0.15730094599999997,1.568964196,43.2,42.5,-77.4,-71.2,55.3,162.0,3033.694005393982,8104.549975776672,2.1967785599999994,1.85905592,0.903437488859111,0.9995702333057119,25.23039895,14.0405087,0.9989536342275256,0.9999379901477796,13.541579489999998,6.02208305,18.43150363,11.9305918,16.280379475979196,5.760908865417608,0.9590299499548267,0.8317626452714588,-106.7,55.23139146727048,-106.68534622598379,2.1967785599999994,12.11900035,27.478267981324876,25.0,36.2,25.329361226976964,26.854233485363174,313.36090755462646,0.2,198.36369438171386,3.8,-0.48225108000000005,-7.698800332999999,13.400000000000002,49.0,29.0,20.0,71.62906051652614,3.504300980000001,37.59719697683131,9.738398074,3.6616019260000003,34.031863539694804,71.62906051652614,37.59719697683131,34.031863539694804
23,23,15,SRK-85,AQRSPATMLAQAQTG,15.0,13.318667850521795,3.0,9.0,14.271839199999999,4.180039573691956,8.87001602,14.274802,-1.3302754700000001,0.3357799696818825,-0.3287558599999999,-2.7932061299999997,70.3,52.4,4.6,-13.6,74.2,99.8,4695.092006111145,5048.967000198364,1.7581292620000002,1.852052071,0.7643647000907834,0.8236956405144256,20.73009749,10.281767299999998,0.8001614410062995,0.6381970864816036,13.266824799999998,3.75413389,18.04814885,7.956458639999999,13.661970438781006,4.458039073529571,0.992254796789165,0.9398915022980526,-25.6,65.90985107236096,-21.577067640835402,1.7581292620000002,10.23515,41.024038432194644,25.0,47.0,38.63449631685668,26.78892847252314,307.291064453125,0.8,390.7999008178711,1.8,-7.221619349999999,-0.6166197850000001,13.400000000000002,51.8,44.1,7.7,71.0013431859189,4.529983979999999,77.51591106465057,8.54126016,4.85873984,-6.514567878731663,71.0013431859189,77.51591106465057,-6.514567878731663
24,24,45,SRK-94,AQVSRQFEPAQAQTG,15.0,13.335414515756534,3.0,9.0,13.931674399999997,4.042597716449018,8.73442477,21.83408015,3.6811556900000006,0.4795667759402698,4.57897609,-1.42474984,91.3,95.3,46.6,48.0,121.0,55.7,5613.218988609314,3367.7289958953857,1.033065374,1.8962435749999997,0.8540256407719043,0.852761854293901,4.21277976,21.573684690000004,0.6831236640940135,0.8458864428660577,2.69792459,13.901333030000004,10.054961709999999,19.688535969999997,7.542632802722683,15.294136245611176,0.8767226986953839,0.8756067341995207,65.3,103.98406848725085,52.0795917254912,1.033065374,15.964183299999998,27.186150023142496,25.0,38.0,26.594843761735632,25.785930855796913,331.7112670898438,2.4,247.8102783203125,0.4,-2.634682524,-4.994487123,13.400000000000002,58.6,44.2,14.4,70.95693556825832,4.665575230000001,55.077841705580774,13.313400860000002,0.08659914000000057,15.879093862677536,70.95693556825832,55.077841705580774,15.879093862677536
25,25,98,SRK-59,AQTQHRFEMAQAQTG,15.0,13.353273670486285,3.0,9.0,14.137754300000001,2.3212483186632924,7.837033239999999,13.581893100000002,-0.8733210683999999,1.9508610896144702,0.013446428000000043,-1.2913423385000002,75.8,50.4,-12.2,-33.0,90.8,110.7,4983.342977333069,5668.620995903015,2.236778187,2.1633163000000004,0.9338672047027247,0.9874273243323308,14.830014859999997,16.1857799,0.888766586643062,0.9528189744233485,7.225196109999999,3.3705527129999995,8.136364859999999,9.948176340000002,3.8042710093142156,4.025655314820324,0.8800989145948469,0.888989911562201,-19.9,83.30395879409177,-25.83670127519021,2.236778187,13.610392530000002,27.64523079211895,25.0,51.9,27.996839616689478,26.542871199754195,305.2497055053711,1.6,380.3523021697998,1.6,-6.796281446,-5.828777538,13.400000000000002,39.0,40.9,-1.9,70.91693385477734,5.56296676,64.08023353784242,7.850479668,5.549520332,6.836700316934899,70.91693385477734,64.08023353784242,6.836700316934899
26,26,30,SRK-27,AQHVNHMAPAQAQTG,15.0,13.348170494271633,3.0,9.0,13.797169400000001,3.909221424314653,9.533345180000001,48.1378366,3.0328175230000003,2.511282062825658,1.6513419809999998,-0.99068699,60.1,72.9,30.3,13.6,103.5,90.4,6228.9319910049435,4614.289010429382,1.327387495,1.580424994,0.9261137492350595,0.7710028204628585,7.694726054999999,19.93314567,0.8256891965045685,0.7403602065007895,4.6575682800000004,15.645789910000001,10.22682643,18.06320157,8.844612553969812,16.284583545759396,0.825421292853424,0.9141623211655444,13.1,97.12294157197549,17.74497642045618,1.327387495,16.7207874,34.82547262711958,25.0,28.8,35.260544704459306,21.643123975244272,286.6722869873047,2.6,302.6519432067871,2.0,-0.8161056299999998,-3.43225908,13.400000000000002,60.5,46.5,14.0,70.82095249282033,3.86665482,56.12154733466559,11.184687161000001,2.2153128390000005,14.699405158154732,70.82095249282033,56.12154733466559,14.699405158154732
27,27,94,SRK-6,AQITTDQPFAQAQTG,15.0,13.32124858572844,3.0,9.0,10.262537550000001,2.012726396429593,6.47961503,10.869398400000001,6.086665030000001,1.1223125586901728,5.42844997,2.4872429,110.5,140.4,80.9,84.5,183.7,72.6,8946.20297241211,3539.9999908447267,2.32975499,0.744138706,0.9994194797830749,0.4008033924489006,15.963117559999997,1.71057604,0.9992794962898481,0.20149122085662588,2.459615765,4.99017663,8.93844686,13.4952978,6.616605258794998,6.121149974999039,0.948164768597602,0.8833434529849844,111.1,183.55672973247798,159.05661051367125,2.32975499,13.79254115,26.45208771688896,25.0,38.2,25.72307689592721,23.7641251023366,337.0948913574219,4.6,287.53615112304686,0.8,-3.19457345,-1.635887505,13.400000000000002,30.2,46.7,-16.5,70.0656895849876,6.920384970000001,8.850980121936288,11.908065,1.4919350000000007,61.21470946305131,70.0656895849876,8.850980121936288,61.21470946305131
28,28,32,SRK-2,AQNNSVRQLAQAQTG,15.0,13.364404591637012,3.0,9.0,14.763829099999999,4.411083258036571,8.70771579,22.4130872,-1.9378573510000003,0.6490849468664663,-0.9859960190999999,-1.5502741261,89.8,58.3,51.7,-5.4,110.6,93.0,5645.810004806519,4764.47900314331,2.413992105,1.4880782049999999,0.9841123270975622,0.7873003711620765,16.35389949,8.69617961,0.9019562166248749,0.5409955097884852,5.087161849999999,4.891691740000001,8.90007818,9.3262467,2.769367604181833,9.220324118668955,0.9869157318966743,0.9027073845831038,17.6,109.83551826330729,34.28913212737495,2.413992105,11.1757012,29.29131583832858,25.0,47.5,28.77396159332015,24.84931105163628,321.67589263916017,1.8,408.73554077148435,2.4,-7.816799239999999,-1.0400241000000001,13.400000000000002,51.2,54.9,-3.7,69.72681775723176,4.6922842099999995,74.5391337401097,7.721719770900002,5.6782802290999985,-4.812315982877949,69.72681775723176,74.5391337401097,-4.812315982877949
29,29,39,SRK-16,AQSDPGKFMAQAQTG,15.0,13.31184292020967,3.0,9.0,13.0787151,4.746640613908931,7.189297860000001,12.52934285,-0.7256305699999999,-1.7892701648490998,1.00277026,-0.6558000452,70.9,58.7,1.4,-18.7,92.2,100.7,4618.091002845764,4996.189002609253,2.3304734999999996,1.8410991210000003,0.9999529438604376,0.8996646012135161,18.1571797,12.932793492000002,0.9999992822096964,0.8049913611795898,6.2607722599999995,3.96342485,8.03660949,10.839898909999999,3.5702760931576085,4.431708212048839,0.9502009341246493,0.8355134565242739,-8.5,92.19569249846124,4.393788308645538,2.3304734999999996,13.0365577,26.447169775333048,25.0,38.7,26.030015896626956,25.690141847137163,305.75525665283203,3.0,340.61206970214846,2.4,-5.65110775,-1.0064221469999999,13.400000000000002,34.9,26.1,8.8,68.01107593411669,6.21070214,51.0212537175873,8.19206812,5.207931880000001,16.98982221652938,68.01107593411669,51.0212537175873,16.98982221652938
30,30,20,SRK-76,AQTASLIASAQAQTG,15.0,13.387298779938396,3.0,9.0,10.2666049,3.011355788775,6.50212516,10.2666049,4.5441451100000005,0.33573585178144916,4.068213139999999,4.6727318,106.9,66.9,66.4,26.3,111.1,60.0,6256.853987693787,2878.6860052108764,2.6820672199999995,1.5637672569999999,0.9999929181124101,0.7121564341585932,18.2514039,31.7457954,0.9999993591947096,0.8115256763383021,3.1426010900000003,23.06513617,7.50550758,29.171077229999998,4.984772295669677,24.236525653097253,0.993620840345234,0.9902449286704295,51.1,111.09914513346742,59.02942323038678,2.6820672199999995,9.5797088,35.4075334209866,25.0,45.0,33.63824919563451,20.686864055453153,279.1312339782715,2.4,197.59078826904297,1.4,-0.63359241,-1.9525033029999999,13.400000000000002,26.2,25.1,1.1,67.77384042082663,6.89787484,24.833509620129682,10.5703383,2.8296617,42.94033080069696,67.77384042082663,24.833509620129682,42.94033080069696
31,31,3,SRK-15,AQPLPPTSIAQAQTG,15.0,13.343693928507374,3.0,9.0,16.253298400000002,3.883666210548513,10.726053959999998,46.91824799999999,-3.312759258,-0.5935095633565938,-3.332335552,-0.520587449,40.7,48.9,-35.2,-25.3,63.4,103.9,3521.881994819641,5263.036001777649,1.7177876959999998,2.22758985,0.790645582643231,0.9991580295123151,20.336590615000002,15.497378550000002,0.7026846472260705,0.999406555152266,14.222021630000004,3.8181394600000003,18.49019753,9.37432352,14.596278303568553,5.741258209874104,0.8686254847461233,0.9441890180439547,-40.5,55.27436790973044,-48.5303932307727,1.7177876959999998,14.176946699999998,25.505319919586185,25.0,24.3,23.109536535039958,26.95982032400257,299.764714050293,1.0,328.7012405395508,1.8,-7.49520765,-4.23739554,13.400000000000002,46.8,68.2,-21.4,67.5307705949547,2.67394604,96.80429116757816,7.393718408000001,6.006281591999999,-29.27352057262347,67.5307705949547,96.80429116757816,-29.27352057262347
32,32,99,SRK-25,AQFKTNISAAQAQTG,15.0,13.338828037428026,3.0,9.0,15.0246523,4.686302733402939,10.58307193,14.5059176,0.747916,1.5836387540121712,-0.8444427755999998,0.386747755,36.9,47.8,-35.2,-51.5,65.4,125.0,2799.2899965286256,6247.931995964051,2.2271656799999997,1.4552675899999998,0.9998885831761177,0.9111552326629493,18.2168648,9.419125404999999,0.9999884831250923,0.6639688126976677,4.047333554,3.702286463,10.4993933,10.560504140000003,7.260006019333204,5.295126961571603,0.9634731565416814,0.8888200463242555,-59.6,65.38979799685532,-50.81897260801791,2.2271656799999997,11.9692448,26.02927778032091,25.0,37.7,25.184678665648004,24.49017319194965,360.07091064453124,0.2,339.6183746337891,2.6,0.6921517319999999,-6.269553384,13.400000000000002,61.1,34.3,26.8,67.20633062890491,2.8169280700000003,43.55349333314142,9.738629154399998,3.6613708455999996,23.652837295763483,67.20633062890491,43.55349333314142,23.652837295763483
33,33,87,SRK-84,AQKDVVNSNAQAQTG,15.0,13.284506651665515,3.0,9.0,13.530181899999999,4.584230174772107,9.202758229999999,13.145700049999999,2.984957557,-0.03341922746791979,2.4510851049999998,0.5314380559999999,111.5,128.9,81.3,87.7,153.4,57.2,8344.24801044464,2687.152016448975,1.81137566,1.5220888399999999,0.9990807377899473,0.9019291475505231,13.2028079,9.75757095,0.9995339752712515,0.8490704072875278,2.00034506,6.21738627,10.4187915,10.597337589999999,7.7745313421282845,6.565154332568419,0.8033085899092901,0.8262146806763966,96.2,153.2860281585325,98.0004115045406,1.81137566,16.869327650000002,27.7249432653751,25.0,34.6,27.177732265124554,23.54910159564739,269.707723236084,4.8,397.0335968017578,0.4,-5.1033941899999995,-5.01807554,13.400000000000002,53.1,43.7,9.4,67.00191828736938,4.19724177,44.36837987053242,11.653843335,1.7461566650000004,22.633538416836963,67.00191828736938,44.36837987053242,22.633538416836963
34,34,34,SRK-77,AQDRGTRTVAQAQTG,15.0,13.375742576281368,3.0,9.0,17.9574954,4.905019940307919,11.00274466,23.798130200000003,-4.04333771,-1.7436713598457865,-1.959236637,-1.2951569200000002,86.6,74.9,19.1,29.5,124.7,84.5,5456.069995689392,4858.167987251281,2.1847197300000003,2.315092376,0.9956759348143243,0.9560614677478452,17.07837365,16.11439311,0.9801101297723349,0.9090316885230608,8.60236796,6.94811206,10.59013173,7.754685040000001,3.6921404580062336,6.390331266037283,0.8700296901482893,0.8868248874372103,40.2,123.88119703491,43.729563233738126,2.1847197300000003,15.745867100000002,25.879163644964045,25.0,29.8,27.08400074559526,33.144416469378505,249.34460983276367,1.8,199.00130462646484,0.4,-10.207268260000001,-6.555619439999999,13.400000000000002,61.5,57.3,4.2,66.95101435083541,2.39725534,73.75483660771141,9.043508023,4.356491976999999,-6.803822256875998,66.95101435083541,73.75483660771141,-6.803822256875998
35,35,86,SRK-22,AQSANLLSSAQAQTG,15.0,13.384127877510306,3.0,9.0,13.59434045,1.958967384547209,8.9612598,30.621328850000005,2.988819448,2.9349948819072016,1.8405576099999994,2.1181186781000005,34.1,40.7,-40.0,-29.8,67.0,97.2,3527.9390098571776,5010.99400062561,2.116664657,1.6438016200000003,0.8838753916398744,0.9145873187102866,25.58162483,11.511547140000001,0.9124267118244889,0.8397712198422,14.154040410000002,4.992111583999999,19.25304406,10.20404899,13.980114514244809,4.944606550865259,0.985859014656741,0.8988209136956977,-30.2,65.98661369848098,-23.34939600524652,2.116664657,10.6970974,26.698319175395557,25.0,32.4,22.99103217265132,26.337130029289096,203.696785736084,1.2,315.3809875488281,1.8,-1.61483293,-5.16530887,13.400000000000002,46.8,34.6,12.2,66.6039602730495,4.438740200000001,29.492986227044092,10.80181741,2.5981825900000013,37.110974046005396,66.6039602730495,29.492986227044092,37.110974046005396
36,36,70,SRK-9,AQQPLAEEAAQAQTG,15.0,13.34557109465149,3.0,9.0,13.760154500000002,3.789774132481078,8.92153781,21.694897750000003,-0.7067929230000003,0.2715930267007307,-0.78757677,-1.330386154,42.9,46.5,-40.9,-24.3,64.0,109.3,3464.5640130996703,5831.303989505768,2.38523052,1.906183548,0.9995681741081197,0.9069375098851244,18.178203000000003,11.77205047,0.9993835648442742,0.8379679413757193,4.3643312199999995,6.16877777,9.884890940000002,8.68228561,5.541877540533797,7.531848157696051,0.989390240266806,0.9000656617697425,-45.3,63.96790027853092,-37.08833145625975,2.38523052,10.02629388,26.927500053552478,25.0,40.2,25.8341988580165,27.933048168452892,315.59618682861327,0.4,300.8395706176758,2.4,-4.74675307,-4.611250286,13.400000000000002,49.2,49.2,0.0,65.27823793739412,4.47846219,83.91017916479505,8.133961039999999,5.266038959999999,-18.631941227400937,65.27823793739412,83.91017916479505,-18.631941227400937
37,37,83,SRK-37,AQSPPVQGLAQAQTG,15.0,13.379851987232456,3.0,9.0,15.321346200000002,4.576958869044978,9.86511495,56.06998390000001,0.5540085849999996,-0.8357809441662564,0.5408464700000002,1.32304798,27.0,46.4,-23.8,-10.9,64.3,85.9,3480.046008872986,4452.640010643006,1.6773209860000002,1.638314943,0.6888464299985558,0.8499798403617291,21.026795334,9.40510798,0.7071609565338994,0.6135161966176075,14.70095958,6.1534336199999995,20.35871915,10.464125759999998,15.841192869905615,6.412121846820301,0.9037273756949684,0.9323565831245221,-21.6,47.720785759323896,-26.98059920053339,1.6773209860000002,14.456322750000002,24.657937479019164,25.0,15.9,22.28652365122086,25.186452043785017,282.49148616790774,0.8,241.40348052978516,0.6,-4.628091830000001,-5.546191927,13.400000000000002,48.1,67.5,-19.4,64.33162175879089,3.5348850500000006,70.30479676666533,10.40596142,2.9940385799999993,-5.97317500787444,64.33162175879089,70.30479676666533,-5.97317500787444
38,38,18,SRK-11,AQTGTERLSAQAQTG,15.0,13.33037345448279,3.0,9.0,17.9581959,6.389755161518449,11.91340195,33.0976239,-2.6985182,-1.5454246652302985,-1.0318149690000002,-1.7400044399999999,94.4,83.3,55.6,28.5,137.5,80.6,6220.007997131348,4442.738993072509,1.495895269,1.1374907359999997,0.8772714702004818,0.7751285963682566,10.11444871,5.284564715,0.7704130889857019,0.5394070804100857,6.59544337,4.861871970000001,11.2180715,10.003736619999998,3.8457133264748835,5.353474168072439,0.9114378949844391,0.8824953646020164,56.9,123.40693096241387,58.92569960943391,1.495895269,13.613520900000001,25.896807663257306,25.0,26.5,26.439712160813134,27.57747914351309,300.93920135498047,1.6,360.8800109863281,2.0,-9.212079159999998,-1.8991574249999998,13.400000000000002,64.3,33.1,31.2,63.96228810211299,1.48659805,38.947681429780026,10.881586981,2.5184130190000005,25.014606672332956,63.96228810211299,38.947681429780026,25.014606672332956
39,39,71,SRK-89,AQTRHTSLTAQAQTG,15.0,13.355076338172344,3.0,9.0,16.6433038,4.623375223625384,10.843714300000002,30.5836822,-1.0622380660000001,-0.038185646357869064,-1.4513999675999998,-1.03113031,73.7,62.0,21.7,-3.2,113.1,95.4,5463.63499879837,4964.440991210938,1.629489268,2.1334550469999995,0.9068280990705911,0.9076654639147556,11.07781757,15.089078619999999,0.8379596233953212,0.9001461707365864,8.99247312,5.342708479999999,11.42781193,8.48048604,4.374302569759684,6.092986806444468,0.8035634803235092,0.8876532949111162,17.7,104.83885665066853,18.114965987881238,1.629489268,17.0053069,24.963964186395916,25.0,25.1,25.716522162903765,25.667527033032222,225.71211585998535,2.2,297.5220687866211,2.0,-7.91533278,-3.4054601199999994,13.400000000000002,54.0,64.0,-10.0,63.16447449751818,2.5562857,83.86860976418963,9.392314332400002,4.0076856676,-20.704135266671432,63.16447449751818,83.86860976418963,-20.704135266671432
40,40,29,SRK-1,AQLYHGGSTAQAQTG,15.0,13.300507116143368,3.0,9.0,15.2662623,5.162775565869764,11.8278654,56.209469,-2.24255474,-1.7765431364369828,-3.2964861750000005,-0.30295302999999996,41.2,53.3,-12.7,-41.7,70.0,124.9,3625.0770099639894,5915.215991020203,1.17128677,1.5872628709999999,0.7081373755570874,0.7463690922708189,37.11084716,9.810027340000001,0.9822398147436239,0.673419332904192,32.55921124,2.6359153899999996,37.2123869,10.385720619999999,36.74301357832589,2.9605839432407604,0.9573223641225542,0.8327377506255708,-54.9,69.56228434158582,-28.73264659162826,1.17128677,12.407222350000001,27.082490087022972,25.0,18.9,20.807485020497285,24.225933997556616,230.38629302978515,0.4,328.63215866088865,4.4,3.25478897,-5.53881375,13.400000000000002,59.6,36.4,23.2,62.60235146089154,1.5721346000000003,54.62245602702908,8.531379225,4.868620775,7.979895433862447,62.60235146089154,54.62245602702908,7.979895433862447
41,41,65,SRK-35,AQHNLRDSIAQAQTG,15.0,13.34640699697909,3.0,9.0,14.0197777,2.3640231519810047,8.1980805,13.554658,0.7854716300000002,1.4360226661234425,1.681658116,-0.08096866,70.4,43.2,36.5,-20.8,75.3,78.5,4222.508012008667,3999.756993293762,2.61115971,0.857487534,0.999990885991308,0.7165181065345483,19.6818356,2.7325940399999995,0.9999997757350503,0.5319943125345918,4.74524828,3.5516437669999994,9.70120014,11.001798899999999,3.603630599029517,6.595599853074733,0.9862968661892075,0.9013147944285491,-3.2,75.29915491284747,22.73662461614951,2.61115971,11.2739083,37.71206777217024,25.0,53.8,36.651402694108924,23.268185345918234,272.83435974121096,1.4,343.68770294189454,2.8,-7.657080249999998,-3.19133646,13.400000000000002,39.6,27.5,12.1,61.732230721680445,5.201919500000001,33.24210610262552,9.879738616000001,3.520261384,28.490124619054928,61.732230721680445,33.24210610262552,28.490124619054928
42,42,67,SRK-23,AQFSNTHALAQAQTG,15.0,13.358561164935924,3.0,9.0,16.109997300000003,5.289750257849275,8.70879149,31.4222266,-2.895918665,-1.0349051750787415,-0.3206605829999999,-1.407943384,33.7,31.0,-59.7,-40.2,63.9,108.7,3489.896022796631,5843.419008255005,2.5063890300000002,2.29565705,0.9999801506143416,0.9997662871279193,19.876876799999998,15.923903900000003,0.9999999179901862,0.9999696173120505,6.262621689999999,4.67005891,8.722609330000001,8.29939448,3.6214412489227357,6.099934810846252,0.9539391235918723,0.9097726649167232,-44.8,63.898896955385325,-44.76951682975291,2.5063890300000002,12.7805031,25.10385444641113,25.0,28.1,25.17278844291166,29.132050123022072,301.9125343322754,0.6,273.8251838684082,2.0,-9.802976509999999,-6.431919959999999,13.400000000000002,40.4,64.7,-24.3,61.4282085184822,4.691208510000001,83.29099855342892,8.388130907,5.0118690930000005,-21.86279003494673,61.4282085184822,83.29099855342892,-21.86279003494673
43,43,10,SRK-19,AQLAHNSALAQAQTG,15.0,13.348259447908543,3.0,9.0,15.165508599999999,3.8164415425930933,9.98347373,39.5777438,-2.03942088,-0.5120049844781175,-1.129987807,-1.4085556000000001,28.6,32.0,-14.9,-32.5,59.6,95.3,2849.2600046157836,5029.520996475219,2.28961262,1.515176571,0.9999282277073747,0.8370301573492174,19.210226900000002,8.743405785,0.9999972523589316,0.5826563465730449,5.61386265,4.48268279,11.422882640000001,10.35032246,4.499331569480523,6.043103462235943,0.971719867524323,0.9571376862043625,-35.7,59.595052877867225,-20.753516204513183,2.28961262,12.511137300000001,24.622440044403078,25.0,19.5,24.578987950605107,24.667902789175795,365.1243957519531,0.4,271.77485580444335,2.8,-4.77108227,-4.362252797,13.400000000000002,51.7,43.9,7.8,61.33790084185,3.41652627,56.7545951216332,8.853485923,4.546514076999999,4.583305720216808,61.33790084185,56.7545951216332,4.583305720216808
44,44,19,SRK-82,AQTMTPSGIAQAQTG,15.0,13.347601795024167,3.0,9.0,13.3826233,4.38161626452562,9.458932780000001,13.1109668,1.45286551,0.9531968827512849,-0.04161610300000003,1.073025021,69.3,52.9,-9.9,-48.5,78.3,133.1,4130.802009963989,6999.198009300232,1.9717375170000004,1.57232919,0.8080179073025804,0.9488318941264341,23.495100200000003,10.135974150000003,0.8115256532253541,0.8858255707186095,13.488085149999998,4.51701012,19.08898144,10.5849765,14.242331880030523,5.831076695930209,0.9717708556785245,0.8484986091714333,-54.8,70.36982630545603,-59.309198467138685,1.9717375170000004,11.263683700000001,29.458787098336728,25.0,41.5,26.339569642334528,24.83446315412465,297.1704521179199,0.6,297.1756706237793,3.4,-5.37284837,-6.61823703,13.400000000000002,58.6,59.8,-1.2,60.5458841601706,3.94106722,72.93638311102306,9.417316677,3.9826833230000007,-12.39049895085245,60.5458841601706,72.93638311102306,-12.39049895085245
45,45,16,SRK-56,AQKTTLASGAQAQTG,15.0,13.346134598864293,3.0,9.0,15.8698686,3.5351320037099305,10.533650949999998,40.00087430000001,-2.184747108,1.2323756706212659,-2.3036121510000003,-0.64019604,49.0,99.6,-23.8,33.8,129.4,92.7,5724.761007690429,5006.3659976959225,1.91197561,1.7447433009999997,0.9983359673132682,0.8236930365935405,14.317947700000001,10.4841801,0.9981333663560872,0.6381972270641089,3.0519458299999997,3.830094830000001,12.414373300000001,8.967020799999998,6.935366989720386,4.187730878775829,0.8713348861683364,0.950649705985359,36.7,129.19692207294656,48.81031372400825,1.91197561,16.015690300000003,23.963021842293116,25.0,16.4,23.744304881917746,29.71598808352683,293.1589691162109,1.4,349.3759429931641,0.6,-9.463215750000002,-4.981978475,13.400000000000002,55.9,78.6,-22.7,60.18452335353506,2.86634905,119.26901908279578,8.230038798999999,5.169961201000001,-59.084495729260745,60.18452335353506,119.26901908279578,-59.084495729260745
46,46,52,SRK-62,AQRFQPSSAAQAQTG,15.0,13.300829132542978,3.0,9.0,14.791085,4.402130155814101,9.35439082,56.191902600000006,-2.6629288339999997,-2.3291647082045026,-1.522440839,-0.815440366,25.2,64.7,-52.6,-12.1,85.5,105.0,4516.34800491333,5794.448991394043,0.9895237509999999,2.108828972,0.8246738794693987,0.9232131302138171,4.321595783999999,13.935125379999999,0.5389500918703919,0.8881465435462367,5.13998016,3.26348993,10.65291619,9.717419349999998,7.813503574195693,6.537866108297296,0.8214258200870088,0.965482508208248,-19.5,66.8229423754357,-31.388274990457653,0.9895237509999999,16.883683,23.360236483487213,25.0,11.7,23.524552044218822,30.775593065101297,297.8693878173828,1.0,280.406494140625,1.6,-4.41965607,-4.2175351909,13.400000000000002,45.1,49.8,-4.7,58.31406036933513,4.0456091800000005,78.78410012246142,7.831949980999999,5.568050019,-20.470039753126304,58.31406036933513,78.78410012246142,-20.470039753126304
47,47,72,SRK-44,AQNYATKSQAQAQTG,15.0,13.327504076310007,3.0,9.0,16.644864950000002,6.275639983803841,11.15825587,39.6881926,-4.019826294,-2.340348058800285,-3.4313058440000006,-1.5223501099999999,21.5,77.1,-62.0,7.7,97.0,114.3,4397.8159879684445,6044.986000156403,1.4361164589999997,1.9827841980000003,0.8068218278961767,0.9069648546388249,9.385972550000002,11.956819670000002,0.7104799180396386,0.8379698552157648,3.72694349,5.494297309999999,9.987902299999998,8.608448880000001,8.996960300404485,6.516374255753584,0.9698350588595079,0.9184709973969442,-17.3,72.02888641042475,-34.03010449319697,1.4361164589999997,12.0848728,22.58844632080623,25.0,8.2,22.582608243826503,27.68794417271736,301.5520492553711,2.8,268.2050842285156,2.4,0.5114822100000003,-3.5926672699999997,13.400000000000002,52.9,42.4,10.5,58.15547710784439,2.2417441300000003,80.76923974400799,7.726950026,5.673049974,-22.61376263616361,58.15547710784439,80.76923974400799,-22.61376263616361
48,48,42,SRK-72,AQQDAKVTTAQAQTG,15.0,13.352000290746147,3.0,9.0,16.4596645,5.434315156947683,9.90313465,15.0070908,-2.46654924,-0.3559856830770311,0.045654450000000145,-2.1208744130999997,141.5,136.9,85.5,69.6,173.8,91.9,8195.503992271424,5155.698012924195,1.84409578,1.8066862569999997,0.9995497095788343,0.9750955217668162,13.95795,11.44088373,0.9999511616473449,0.851819686925948,4.262635194,3.9358932779999996,11.171469349999999,8.094950299999999,5.490907858459424,3.9595442075734084,0.8139568236804322,0.917315798225663,81.9,173.7150983970138,83.19879089422139,1.84409578,17.0197013,27.506326983525202,25.0,40.1,27.596033884620475,27.22925355914878,222.00748519897462,2.4,269.97092361450194,1.8,-11.043060299999999,-2.8774360070000005,13.400000000000002,51.5,44.8,6.7,57.799296203458354,3.49686535,57.39579542144004,9.948789099999999,3.4512108999999995,0.40350078201832246,57.799296203458354,57.39579542144004,0.40350078201832246
49,49,31,SRK-26,AQYPVPLKQAQAQTG,15.0,13.31942148407777,3.0,9.0,12.91316625,4.56638840808988,7.8870840399999995,28.8133799,0.2901787499999998,0.11553153848390954,0.22770117999999978,1.086847545,60.6,76.4,-22.9,-11.2,92.6,133.0,4901.586995124817,6769.577993583679,2.338806263,2.12031547,0.9778071145443343,0.9996805148717061,16.53071847,15.459504599999999,0.91492897037134,0.9999444307279148,3.2492086599999994,5.4240562400000005,8.62970102,9.848063900000001,9.057604526783274,5.591718913536236,0.7982285516863135,0.9174589771306074,-40.4,90.22930225060821,-42.71697081228457,2.338806263,14.900036669999997,26.476965965658934,25.0,37.5,26.050314040848235,26.247977733870595,369.48083572387696,3.2,304.1141590118408,3.8,1.0128543679999997,-1.746756033,13.400000000000002,21.5,39.5,-18.0,56.94803920775401,5.51291596,61.13538682114436,8.114785219999998,5.2852147800000004,-4.187347613390349,56.94803920775401,61.13538682114436,-4.187347613390349
50,50,27,SRK-63,AQRSVANVPAQAQTG,15.0,13.335339600174782,3.0,9.0,13.794915800000002,4.560566831916328,8.81533545,29.8459747,1.202425378,0.1708285648902904,1.946616342,0.777242735,69.3,99.6,21.4,45.4,138.1,81.9,6722.268995857239,4195.424004650116,1.9859141500000004,1.4213918420000002,0.9913154388898743,0.818735827863307,14.59263617,8.43555037,0.9547126986573515,0.6636218715869904,3.6536750100000006,6.13154821,10.219600090000002,9.9895907,7.191508943518935,7.903366776891616,0.7515969944079623,0.8751844309786303,56.2,137.20088580535264,70.95126034694789,1.9859141500000004,17.306985599999997,25.202843172409953,25.0,23.8,24.6142742046861,25.5588492700496,275.1762176513672,3.6,270.8481674194336,1.6,-6.995246917,-2.6405162859999995,13.400000000000002,39.3,42.2,-2.9,56.84139162843926,4.584664550000001,48.58390441175214,10.761951792000001,2.6380482080000007,8.257487216687121,56.84139162843926,48.58390441175214,8.257487216687121
51,51,92,SRK-4,AQGNMTKFTAQAQTG,15.0,13.317445787793982,3.0,9.0,13.320305100000002,3.987127673459643,8.427829930000001,21.299001999999998,1.489614495,-0.12190971160557859,1.9222390300000005,0.5606404299999997,107.4,94.3,57.2,40.1,151.3,89.1,7303.9069952011105,4589.651012611389,2.17570851,1.3370999279999998,0.9997263478546572,0.7361456261607964,15.770269799999998,6.593325709999999,0.9999460813238175,0.5452141597350237,6.37019521,4.521152679999999,10.03465527,9.39405448,4.0338098583945,5.139287960360887,0.9197856365072866,0.8958932848282263,62.2,151.25149596796095,81.44860294973438,2.17570851,13.586494250000001,25.770203742274532,25.0,33.4,26.061970925930268,24.435903926053648,216.23199424743652,3.4,346.9634216308594,2.6,-6.098826913000001,-0.31308139000000007,13.400000000000002,32.3,21.4,10.9,53.76169614819931,4.97217007,25.057898586438924,10.35006896,3.0499310399999997,28.70379756176039,53.76169614819931,25.057898586438924,28.70379756176039
52,52,1,SRK-31,AQNTNVPAMAQAQTG,15.0,13.327744766149376,3.0,9.0,14.943982299999998,4.9038235938735,9.48938621,73.08361005,-2.32854888,-1.8305893143230372,-1.76526061,0.58310327,25.9,93.8,-40.4,23.1,116.7,104.9,5531.835015296936,5379.686980628967,1.7156018769999999,1.8086380740000003,0.8685635273252897,0.8572898443207402,12.05929445,11.026594554999999,0.8004799740244979,0.6702295794362041,4.001410809999999,3.9955066399999994,10.10916213,10.697610400000002,5.8272564989192706,5.993802376026962,0.9084555145874713,0.96292091493089,11.8,103.61335300961635,12.651865892593227,1.7156018769999999,14.6007967,22.078480037689207,25.0,6.2,22.41302000384959,26.710209125224658,320.8245559692383,2.4,341.2687255859375,2.8,-7.727787910000001,-2.5909941400000003,13.400000000000002,50.9,47.1,3.8,53.2795124823637,3.9106137900000006,71.97620630967809,7.724125600000001,5.6758744000000005,-18.696693827314395,53.2795124823637,71.97620630967809,-18.696693827314395
53,53,93,SRK-92,AQVRTDMDMAQAQTG,15.0,13.335237790325161,3.0,9.0,14.772318799999999,6.134268497658811,8.5710505,14.0629166,-2.2014016670000003,-3.319486122416344,0.2738319787,-1.0441153150000002,93.9,90.8,52.5,20.7,108.8,87.0,5476.533995056152,4444.0439897537235,1.8757598000000002,2.38179279,0.9873317185949826,0.9999130671625585,14.349752099999998,17.9388281,0.9528137808055532,0.9999884410078946,3.036560633,3.064919165,9.42888009,9.26178585,8.71990622993071,6.303974567077595,0.9374283512120002,0.9478051947912369,21.8,107.23200432021892,20.238360028633174,1.8757598000000002,13.828878300000003,27.794491262603223,25.0,48.2,27.11153801569983,24.843465997708456,360.32592926025393,2.0,346.4609680175781,2.2,-3.7143888839999994,0.10498656799999986,13.400000000000002,30.6,38.0,-7.4,52.2147328058212,4.8289495,52.147650740093,8.8448824787,4.5551175213,0.06708206572819649,52.2147328058212,52.147650740093,0.06708206572819649
54,54,80,SRK-46,AQTSGTDGIAQAQTG,15.0,13.350431426321393,3.0,9.0,14.97277545,4.486845579737805,9.20144417,37.49344465,4.30404298,-0.8982603384979976,5.161373776,1.11516858,44.4,58.9,7.1,6.4,94.1,80.9,4840.176011276245,4166.552001190185,1.95593275,0.9987486989999999,0.9990053117281221,0.7862707791167874,13.858539250000002,1.7140693469999995,0.9993955260891259,0.25107002338187645,6.694358629999999,7.298550489999999,9.97147292,13.79278635,4.586064010781425,8.852815430267206,0.8871464351725825,0.8366893840586161,13.2,93.99046577829259,29.976597413125223,1.95593275,15.560047,22.631750007109208,25.0,9.5,23.77141771632314,22.482498624563384,286.00299377441405,2.4,234.98981399536132,2.8,-10.515172260000002,-4.584111365,13.400000000000002,40.3,29.4,10.9,50.25689201778734,4.19855583,18.84375448069818,14.362817946000002,-0.9628179459999995,31.413137537089153,50.25689201778734,18.84375448069818,31.413137537089153
55,55,0,SRK-52,AQAPRIDNAAQAQTG,15.0,13.363613195751139,3.0,9.0,13.683426700000002,3.192549452752394,9.0278326,47.47604605,-0.5997405920000001,-1.4647843467696977,-1.195933251,0.4035387200000001,62.1,97.5,5.2,50.6,128.2,76.6,5899.563007926941,3878.104994010925,1.27210749,2.41012616,0.9628541983003828,0.9041350786113973,7.054822019999999,27.864813599999998,0.871049216644445,0.9999999446876482,4.002444582000001,13.66686426,11.19330658,19.600332,5.176426766615691,15.04711239833434,0.8971932951558262,0.9916422433832686,51.6,124.43331390004421,47.83378216692049,1.27210749,15.506322999999998,24.93419236036447,25.0,22.3,24.76392055818787,25.033338508700176,319.58634185791016,1.4,273.19065551757814,1.2,-4.91277959,0.15642572700000007,13.400000000000002,39.5,50.0,-10.5,49.53083041204655,4.3721674,81.82557091583581,7.8318993489999995,5.568100651,-32.29474050378927,49.53083041204655,81.82557091583581,-32.29474050378927
56,56,66,SRK-87,AQMGARNLPAQAQTG,15.0,13.374580637403739,3.0,9.0,16.690128800000004,4.885610080601479,12.117435840000002,73.5880773,-0.9184340039999995,-0.31647337073654336,-2.1852425798999997,0.44874270000000005,13.9,56.8,-65.9,4.1,89.4,96.3,3987.195992088318,5138.2690076828,0.559003341,1.8847169360000002,0.5623425969270274,0.8702402880156084,10.2762753456,10.728262950000001,0.19458160049742626,0.7010892613632469,15.641459179999998,7.0190524299999995,19.95646395,8.879135629999999,15.360988477740602,7.156826744100476,0.8145076361473308,0.9363296082355967,-6.9,54.737855069088916,-31.376524718659038,0.559003341,16.9498678,21.70756859872855,25.0,4.3,19.648163364051413,28.59118309288082,316.898942565918,1.6,266.6480354309082,1.0,-2.5380045200000003,-8.150814919999998,13.400000000000002,45.2,66.8,-21.6,49.01428074332466,1.28256416,72.03901937511012,9.9321932601,3.4678067399,-23.02473863178546,49.01428074332466,72.03901937511012,-23.02473863178546
57,57,25,SRK-41,AQSNGLNGLAQAQTG,15.0,13.349072370049058,3.0,9.0,15.553074899999999,5.250657738459002,9.310343699999999,30.281352050000002,-3.72452774,-2.1502444322078405,-2.195277107,-1.1346610106,41.2,46.7,-29.3,-25.9,68.3,104.5,3297.6710012435915,5351.8259931564335,2.2481334100000003,1.669133504,0.9997955511108862,0.9006469191817075,17.4974559,10.63117141,0.9999837074482019,0.7449446755959326,5.08927006,5.156002,8.67363393,8.78860944,4.257437216546718,5.984850730086677,0.9802735104659097,0.869702555023472,-36.2,68.28622906844848,-25.788710140095738,2.2481334100000003,11.6785835,24.097869607676632,25.0,16.8,24.480187570468864,25.410301329212377,300.1167697906494,0.6,297.42774353027346,2.6,-8.197960949999999,-4.41760436,13.400000000000002,39.7,18.9,20.8,48.94219086323902,4.0896563,50.355289225377845,7.115066593,6.2849334070000005,-1.4130983621388231,48.94219086323902,50.355289225377845,-1.4130983621388231
58,58,55,SRK-97,AQGSELRTGAQAQTG,15.0,13.32221852057591,3.0,9.0,16.3212887,4.549010799651156,11.188004500000002,57.764415500000005,-2.199863712,1.0667206975356298,-3.4444357500000002,-0.9477659380000001,48.7,82.8,-32.0,15.8,98.6,97.2,4923.950010108948,4676.685000610351,1.443338664,2.22746261,0.9363095628032493,0.9999414596707206,8.790819305000001,18.3976197,0.8012966001127022,0.9999995202847483,2.9014580100000003,4.184240040000001,13.0966185,9.414581250000001,7.15688774205007,5.088715735692402,0.8851644132796131,0.9679420874426745,1.4,92.94101785642512,-4.252839004812786,1.443338664,15.609177999999996,23.236959192704184,25.0,16.1,23.127172543016506,27.62908277758778,288.7300628662109,1.6,294.2164596557617,2.0,-5.72986281,-7.3855148999999995,13.400000000000002,45.0,57.3,-12.3,48.38709321834316,2.2119955000000004,81.43627071633328,7.743568750000001,5.656431249999999,-33.04917749799013,48.38709321834316,81.43627071633328,-33.04917749799013
59,59,69,SRK-45,AQSVTTSHVAQAQTG,15.0,13.324908119871651,3.0,9.0,14.5582505,4.811098617255862,9.87413897,22.219672100000004,0.36071310700000003,-0.27804483130277174,0.14730537999999987,0.1360747397999999,84.4,101.3,47.9,34.3,128.1,87.5,6415.778998374939,4399.753981018066,2.0250585699999997,0.7885277900000001,0.9996854079730791,0.6085602380834858,15.7715645,2.045126276,0.999966948284327,0.4436217995730095,3.5687096699999996,3.8850871799999993,11.29012345,11.5280898,5.37677407263236,6.879094693914489,0.8518140531791862,0.8845446763302333,40.6,128.05622241409657,72.09442217299306,2.0250585699999997,15.870260499999997,25.8267999420166,25.0,29.1,25.438240789943002,22.9247688875626,239.73247985839845,3.2,316.2102508544922,2.0,-6.6151734300000005,-2.38097882,13.400000000000002,38.5,33.4,5.1,48.13745808125866,3.5258610300000006,27.152024080439894,10.02144435,3.37855565,20.985434000818763,48.13745808125866,27.152024080439894,20.985434000818763
60,60,73,SRK-75,AQVTSAHPVAQAQTG,15.0,13.339646586514855,3.0,9.0,14.797147700000002,3.469052179257583,10.31373948,48.16448575,-2.150178916,-1.0296466120916408,-2.295105780000001,-0.11171245199999984,39.1,65.4,-40.7,16.5,87.6,89.6,4482.006987762451,5259.474979591369,1.73504839,2.7768855799999996,0.9959506436770234,0.999996254981579,12.62473139,19.5127868,0.9839375672482475,0.9999996809355336,6.98106626,4.85251836,12.10729786,7.9856099,7.680175767876596,4.162167560537018,0.8406377464118909,0.8863229761663494,-2.0,87.21608807350997,-2.3835960462990604,1.73504839,16.496787100000002,23.855081717822017,25.0,16.2,24.280341274225666,34.079123104929515,353.2257781982422,1.8,216.37008972167968,0.6,-4.18787706,-4.085432839999999,13.400000000000002,42.3,50.5,-8.2,47.04431689457402,3.08626052,74.36170329833365,8.018633699999999,5.381366300000001,-27.31738640375961,47.04431689457402,74.36170329833365,-27.31738640375961
61,61,77,SRK-57,AQMRVNTEEAQAQTG,15.0,13.29323103854114,3.0,9.0,15.4525248,4.657244062014325,10.387194920000002,31.699695399999996,-3.2019794750000004,-1.9080991124681952,-1.794943644,-1.4113225040000004,98.6,114.5,59.0,28.3,129.2,103.3,6352.731011009217,5353.450976371765,1.9323781400000002,1.6808599010000003,0.9993026995579063,0.7464642036667077,14.824654899999999,10.391006140000002,0.9996759594821517,0.6734378223790936,2.9432281049999998,2.481614075,13.1368561,10.04753045,10.658384453816959,5.443811928140915,0.8344241633366949,0.9314765930010374,25.9,129.10817286320244,47.77949155938897,1.9323781400000002,16.0972266,26.78138968257581,25.0,41.2,26.08665235320915,23.919993959178726,220.6928352355957,2.8,326.3847343444824,4.2,4.458005352000001,-2.4528057199999997,13.400000000000002,38.2,16.9,21.3,44.603801338086846,3.0128050800000006,34.00581809124081,8.592251276,4.8077487240000005,10.597983246846029,44.603801338086846,34.00581809124081,10.597983246846029
62,62,68,SRK-51,AQSASLVSHAQAQTG,15.0,13.349216790033225,3.0,9.0,15.599473249999999,4.006362414567078,11.10170579,56.449750300000005,-1.8954122300000003,-0.404361380525765,-2.7785001444,-0.781469161,30.2,67.4,-45.0,-6.3,86.2,100.1,4350.341003417969,5224.089995193482,1.7806870139999997,2.07552043,0.911416999925817,0.9975064741111568,12.67169146,14.38530954,0.8018926785006961,0.9869886338727927,3.1126404350000003,5.40076906,11.429492250000001,8.27835372,6.786838054648735,8.181765002828879,0.9232234585919331,0.8247529372105056,-13.9,80.4950530121342,-19.358707013531834,1.7806870139999997,14.609390199999998,22.744875017801924,25.0,11.7,22.46746059810202,26.73534947212871,363.83777313232423,2.0,267.10415878295896,1.8,-3.6041129670000003,-6.53609017,13.400000000000002,37.5,45.7,-8.2,41.831352481416204,2.2982942100000003,70.31962316683267,8.323205645600002,5.076794354399999,-28.488270685416474,41.831352481416204,70.31962316683267,-28.488270685416474
63,63,36,SRK-33,AQSHHEQVSAQAQTG,15.0,13.368220358386566,3.0,9.0,18.8635922,5.757960212314459,13.2862334,57.2777648,-2.97602008,-1.2911661194481039,-2.813613421,-0.34651153999999984,18.5,52.0,-48.1,-10.2,94.7,106.1,3878.867998123169,5383.380996322632,1.3456076399999997,1.897470455,0.7271176216631267,0.9513969168083669,18.38616488,13.966238615,0.6493941084459111,0.9012081047869952,19.26320783,7.2685058,18.30465191,9.845727029999999,14.013584556285384,7.7775898883622885,0.8170330200193245,0.8519395452720874,-11.4,72.48572853076334,-28.29191894161163,1.3456076399999997,16.91001085,21.489877098485046,25.0,12.2,20.165641567880805,28.753724835152987,145.17002334594727,1.0,252.8830093383789,2.2,-8.469241409999999,-6.14986051,13.400000000000002,49.7,41.1,8.6,41.48449194820113,0.11376659999999958,48.82737194107796,10.472619979,2.927380021,-7.342879992876829,41.48449194820113,48.82737194107796,-7.342879992876829
64,64,49,SRK-58,AQFETLHKTAQAQTG,15.0,13.347908717499811,3.0,9.0,14.432668700000002,3.5875483769636864,8.65370091,14.432668700000002,-0.27545539799999996,1.1935846681909843,1.8526824469999998,-0.479849136,60.3,40.8,-33.0,-20.3,61.6,132.9,3433.548989105225,6568.922011566162,2.5938289999999995,1.83180425,0.9999905790321547,0.9013734313798245,19.9278373,12.127796545999999,0.9999997195349787,0.8016482064152376,5.14789988,6.71529806,11.53024546,8.8604582,6.821922178977909,7.343592918818111,0.9930064507678887,0.9932009897628931,-71.3,61.599679338526315,-59.95494406523684,2.5938289999999995,10.0258789,31.770901461116598,25.0,61.0,29.535253243910905,26.069270868187488,325.27423400878905,1.6,332.88490142822263,7.6,4.3873722310000005,-3.85380129,13.400000000000002,13.3,9.9,3.4,40.68240913982777,4.746299089999999,18.46775345077321,10.506383357,2.8936166430000005,22.21465568905456,40.68240913982777,18.46775345077321,22.21465568905456
65,65,60,SRK-40,AQGFNSMKPAQAQTG,15.0,13.334864105359188,3.0,9.0,14.847102800000002,3.7734434308055,10.4645172,82.5185726,-4.6186995500000005,-1.4056354996772469,-4.116518247,-0.614868263,20.2,77.7,-100.5,6.9,125.1,121.2,5509.162993717194,7203.482973480224,1.074401099,2.8353582,0.7336551431919786,0.9999977708463161,5.6674548399999995,18.246557000000003,0.5084370069156225,0.9999996034462766,5.87265509,2.7664271300000003,11.85767375,6.38918343,5.351203612115735,3.270471536553295,0.9186643227681834,0.9903373862711657,3.9,96.7775532006855,-24.42213669450757,1.074401099,14.943828100000001,22.925377287954653,25.0,6.1,22.98537265645763,41.64350757511086,344.9375473022461,1.8,289.0949981689453,1.0,-3.0511845500000003,-3.530731897,13.400000000000002,48.8,67.3,-18.5,39.33729623720586,2.9354828000000004,105.20279522018402,6.347998952999999,7.052001047000002,-65.86549898297815,39.33729623720586,105.20279522018402,-65.86549898297815
66,66,85,SRK-20,AQVVPSTYRAQAQTG,15.0,13.319659051210078,3.0,9.0,14.43130205,3.5974647290909374,9.00328501,13.555459350000001,-0.11059466000000003,1.3139399019406504,-0.10045543399999998,-0.8797255287999999,56.3,82.5,-0.1,19.1,106.3,87.7,4905.5139978408815,4382.025010299682,1.333874966,1.9253211099999998,0.7762159623018998,0.9991276823359495,8.580012794999998,14.85620055,0.6077223740203372,0.9994062933380642,4.785292800000001,5.237237179999999,12.1698666,9.22554697,7.75250873199721,5.877561483138427,0.9120129829267778,0.918812403194026,18.6,75.61522710865239,-11.986776854525418,1.333874966,13.862187650000001,24.573771884985135,25.0,22.3,24.42115078360898,25.02241136261879,353.04763717651366,2.8,296.2178131103516,3.0,-1.2321792569999999,-7.6272392,13.400000000000002,27.1,48.1,-21.0,39.31699120689104,4.396714990000001,59.83686213942715,8.902829576,4.497170424,-20.519870932536104,39.31699120689104,59.83686213942715,-20.519870932536104
67,67,24,SRK-68,AQPSQPYTKAQAQTG,15.0,13.346580081403905,3.0,9.0,13.21215435,3.2819306222358167,8.8087561,29.870396200000005,2.20564586,1.1268633535895352,1.3539036780000002,1.0399239606,57.7,75.5,11.3,25.2,96.3,65.8,5225.690997886658,3304.5039905548097,1.2977749040000002,1.6984025800000002,0.8985879705826729,0.7998166687614224,6.77017896,12.22007073,0.7406876111035501,0.7007256738946125,3.618272160000001,4.58952924,10.09825227,10.79817367,6.878303495253391,6.628516513046016,0.8089922431266496,0.9320397939230709,30.5,85.68717705355559,40.060085622312535,1.2977749040000002,16.757321299999997,25.5837544424492,25.0,29.8,25.747564791324386,25.421988309396458,335.1796569824219,2.0,287.6159423828125,1.2,-1.20778938,-3.9997575499999996,13.400000000000002,25.5,22.1,3.4,38.444776399832776,4.5912439,17.757625753531833,10.162659778,3.2373402220000003,20.687150646300932,38.444776399832776,17.757625753531833,20.687150646300932
68,68,50,SRK-43,AQDMGTDNLAQAQTG,15.0,13.326537172189063,3.0,9.0,13.400810149999998,5.898984042781618,8.58266787,21.04927965,5.382621479,-2.2514202367506915,4.800783577000001,2.14718324,84.0,92.6,51.7,52.3,133.9,54.2,6560.404035568237,2869.718999481201,1.6263291199999999,0.833676376,0.9774087110935842,0.5339744159197244,10.710303565999999,11.733745110000001,0.896710230521071,0.33540617601416134,4.39088845,14.47399648,9.767549249999998,20.53338133,4.786025214185078,16.260927152356615,0.9663590520456472,0.907508460310398,79.7,131.54987762708242,100.9502618592345,1.6263291199999999,12.555590899999999,25.09458824980493,25.0,26.5,24.96154251039392,22.204804347435477,319.5487564086914,6.4,271.2443397521973,0.6,-4.967953615,-6.50200808,13.400000000000002,25.6,39.2,-13.6,38.40312493288137,4.8173321300000005,28.831096539876643,13.383451446999999,0.016548553000000688,9.572028393004718,38.40312493288137,28.831096539876643,9.572028393004718
69,69,88,SRK-81,AQTGTSHLHAQAQTG,15.0,13.284506651665515,3.0,9.0,17.5728742,2.87310452566613,11.970851289999999,65.4572694,-3.8641133999999995,2.395652156174992,-2.337952315,-0.35233030000000004,10.8,44.9,-65.5,-45.4,72.0,114.0,2964.0880142211913,6097.917017364502,1.2161434969999998,1.6544622700000002,0.6369259556758088,0.996334199365123,6.65388037,11.190525099999999,0.558058250954113,0.9910191983618291,7.14493212,3.86926732,12.541393539999998,9.01165515,5.709997797870818,5.775819916458156,0.7916598399597328,0.8528515979648447,-42.0,49.315610182791715,-64.44591716834746,1.2161434969999998,17.252830699999997,21.209884685736437,25.0,6.8,22.002650182648598,25.95462222925528,372.76130828857424,2.0,307.76118698120115,3.6,-6.40885477,-3.2395677500000004,13.400000000000002,36.8,40.3,-3.5,37.75540709455296,1.42914871,52.97162517005197,9.632898975,3.767101025,-15.216218075499011,37.75540709455296,52.97162517005197,-15.216218075499011
70,70,14,SRK-14,AQDTGLNNRAQAQTG,15.0,13.313701057104186,3.0,9.0,14.483999,2.859055376971939,9.845001069999999,57.2500499,0.6622115260000002,1.973071894349492,-0.9044662659999998,0.4394153500000001,33.8,62.7,-48.4,3.0,85.7,93.3,4013.8140073776244,5068.78098564148,0.821173003,2.32546736,0.7012020324687751,0.9985245607475475,1.9740413623000002,17.15635824,0.38519030286519285,0.9930510584485676,3.66678483,3.7509777499999997,12.270582300000001,8.8166981,6.906216006874312,4.948405885312042,0.8993276952454534,0.9840204132850519,-7.6,65.44974196824927,-27.783659759713306,0.821173003,14.069596749999999,23.687092590332032,25.0,16.7,23.656358240414338,29.344912864191322,297.08673629760744,2.0,246.91448974609375,2.2,1.839853158,-6.9810721199999985,13.400000000000002,33.6,44.6,-11.0,37.7522599739757,3.554998930000001,65.05397896994552,8.940534804,4.459465195999999,-27.30171899596983,37.7522599739757,65.05397896994552,-27.30171899596983
71,71,96,SRK-83,AQTPSSSGNAQAQTG,15.0,13.336434884285419,3.0,9.0,16.49540005,6.116308924282123,12.729839049999999,91.07990290000001,-2.6071823944000005,-1.128637360829933,-4.28102192,0.013951969,2.6,29.4,-81.6,-46.1,40.2,100.3,1818.0509996414185,5202.401992225647,1.3039809500000001,2.32117881,0.8468791630639364,0.9985005979515647,16.81784353,17.064489740000003,0.7401722674488541,0.993049086324039,14.90453775,3.62910113,19.36064833,8.00591385,17.003012287954235,5.4474359460540445,0.806211881457868,0.9603021810184746,-60.1,35.20311804018491,-65.02804221175157,1.3039809500000001,16.4523883,20.897931868379764,25.0,2.4,19.587426911949194,27.93600513156668,228.7499786376953,0.2,270.6777313232422,2.6,-1.1778890860000002,-4.2834592460000005,13.400000000000002,34.1,38.7,-4.6,36.43884450788316,0.6701609500000002,69.20917465391813,8.44881713,4.951182870000001,-32.77033014603497,36.43884450788316,69.20917465391813,-32.77033014603497
72,72,75,SRK-60,AQHTAEKAPAQAQTG,15.0,13.339852631868997,3.0,9.0,19.8766284,3.608720269901103,15.614772449999998,82.768293,-4.927876659999999,-0.26584109020247093,-6.360967805,-0.7137535099999999,10.0,44.6,-29.6,3.7,64.9,76.4,2705.571995162964,4010.9589893341063,0.9411515235000001,2.54798547,0.7616542130267443,0.9998429636777326,1.0253113170000003,18.6912356,0.24877857859968772,0.9999888958889043,8.008275199999998,7.40025859,14.324285650000002,10.3313874,8.219584644664824,8.158566516375021,0.7848916223557462,0.8315467877111598,-11.5,36.32508805185109,-40.060293712874554,0.9411515235000001,17.341819400000002,20.625461600377008,25.0,1.7,21.204932986721072,24.648098534952688,242.96151733398438,0.2,222.73365936279296,1.2,-3.992540185,-7.516842489999999,13.400000000000002,54.4,35.0,19.4,36.26835734126321,-2.2147724499999994,49.04641832352356,9.253804644999999,4.1461953550000015,-12.778060982260342,36.26835734126321,49.04641832352356,-12.778060982260342
73,73,28,SRK-5,AQTAIQPPKAQAQTG,15.0,13.328524663330672,3.0,9.0,14.7228357,4.0478683655006975,10.9610353,22.5884568,-3.687135748,-1.3980544891844529,-4.542292539,-3.326384365,54.0,67.6,-45.1,-51.1,84.2,159.0,3802.6860052108764,8311.73098678589,1.446215424,2.2361579600000003,0.7117058652590663,0.9993243683871864,9.10913533,15.382138759999998,0.5263860316990945,0.9992610068149463,4.498020770000001,2.6139170800000002,10.66581697,9.27663703,7.643924415098806,4.828616449419824,0.8824663665327552,0.8494259262221353,-74.8,52.99294732156741,-105.89019785888506,1.446215424,15.8794074,26.299692326325633,25.0,32.7,25.750293654233992,26.029016934305098,318.2752960205078,1.2,339.3423156738281,4.8,0.5772998540000001,-6.28058148,13.400000000000002,44.5,39.1,5.4,36.03814721551638,2.4389647000000005,80.08233146620711,6.418742761,6.981257239,-44.04418425069072,36.03814721551638,80.08233146620711,-44.04418425069072
74,74,91,SRK-86,AQYDQKSLAAQAQTG,15.0,13.331438257380544,3.0,9.0,13.74666315,3.7447534559736413,8.76997343,13.48662065,-0.09549397499999998,-0.3157065324700299,0.20112694499999995,-0.0626849099999999,73.1,57.9,27.8,-4.3,95.7,84.9,4946.863008880615,4468.85500869751,2.24341539,1.986785372,0.9221861353694989,0.9232089456520358,16.31652992,13.799613279999999,0.9015578084577859,0.888146417526815,4.2709999199999995,4.360955819999999,8.153988299999998,9.913999019999999,4.803378332984617,6.124096255880324,0.9828794276333477,0.961147032339355,10.8,86.51840056437815,8.407525559615454,2.24341539,11.694129,26.834596469946074,25.0,41.8,26.650820395408054,24.66596047766288,321.4620025634766,3.2,256.1076148986816,1.8,-1.796020254,-5.8521309209000005,13.400000000000002,25.8,31.7,-5.9,35.836524663905045,4.63002657,48.86145591783022,8.971100374999997,4.4288996250000014,-13.024931253925175,35.836524663905045,48.86145591783022,-13.024931253925175
75,75,48,SRK-12,AQNGVTQSKAQAQTG,15.0,13.34527755285985,3.0,9.0,16.4350415,5.74196278875264,11.243875050000002,74.17522185,-3.91851542,-2.1457517518745943,-2.0654380400000005,-0.5854948099999999,29.9,79.8,-46.1,11.6,98.7,90.5,5037.901013183594,5548.966001701355,1.266667075,1.9027152600000001,0.797603307007559,0.9664569481086527,6.666662775000001,11.021888559999997,0.511247265466118,0.8426181137308228,4.503938400000001,2.9325098400000003,10.33396486,9.40137447,5.795216802867694,4.9999225892548065,0.8396279147565471,0.92413702675743,8.2,84.25247608495985,-3.2923617905890112,1.266667075,16.420526000000002,21.595740039825444,25.0,7.7,22.25130467232716,35.064365290508924,339.5190155029297,2.2,341.03070068359375,0.6,-4.9379529834,-0.7218108699999999,13.400000000000002,37.0,71.2,-34.2,34.37772880629925,2.15612495,87.35450116656872,9.17843701,4.22156299,-52.97677236026948,34.37772880629925,87.35450116656872,-52.97677236026948
76,76,44,SRK-18,AQKQTQDSSAQAQTG,15.0,13.33220876306402,3.0,9.0,16.287492200000003,6.976092157022282,12.5967409,48.0985955,-1.621612476,-1.9989453923826368,-3.42030225,0.4163670539999999,70.5,92.2,-37.5,-16.9,116.3,145.7,5952.262000465393,7272.903991699219,1.48848649,1.78118545,0.977845425136533,0.9790169366686771,8.35771283,12.824672826,0.8385410122230322,0.900081617017903,3.848127168,3.85554287,8.582756139999999,11.838615999999998,7.123166201656089,5.526530514076211,0.8578967208458396,0.8979216374998767,-29.4,115.16166845017179,-28.350185017441383,1.48848649,16.223329200000002,28.125833410686916,25.0,29.1,26.783536240700336,26.57561179134209,306.8025375366211,2.2,269.47768478393556,6.4,-3.42051174,-7.2846388300000005,13.400000000000002,33.5,29.0,4.5,33.63914449697927,0.8032591000000003,40.10476815149244,9.176438649999998,4.223561350000001,-6.4656236545131645,33.63914449697927,40.10476815149244,-6.4656236545131645
77,77,62,SRK-10,AQTALANQKAQAQTG,15.0,13.37743718624211,3.0,9.0,16.9218009,4.358117699877523,12.474227500000001,49.73212955,-2.773937808,-0.6206499203530201,-3.01533541,-1.1901357750000001,29.3,35.2,-19.9,-22.4,64.5,106.8,3050.948998451233,5448.18300743103,1.371345706,1.98168224,0.7887018419629104,0.9039806207093266,8.17965103,25.155384199999997,0.616427631109881,0.9999860954525657,6.025685429999999,16.20063366,10.776806740000001,19.144769099999998,5.310168407149475,15.919897316661851,0.9427582619843828,0.9331300402201407,-42.3,45.02224564110226,-61.753474757583604,1.371345706,12.9288667,23.537509761137123,25.0,18.6,23.66835505906392,22.59150854656674,421.31165771484376,0.4,200.44778900146486,3.6,1.3068381870000003,-4.854607213000001,13.400000000000002,52.1,10.6,41.5,32.93704892056034,0.9257725000000004,27.18248098138658,9.45889209,3.9411079100000004,5.754567939173762,32.93704892056034,27.18248098138658,5.754567939173762
78,78,82,SRK-49,AQHDERANMAQAQTG,15.0,13.347200382339915,3.0,9.0,18.0879284,3.9515986548021957,12.7162828,66.4373911,-2.7646724629999997,0.81513826417276,-2.2082824299999997,-0.9591795999999999,28.1,62.9,-12.7,-9.2,90.4,94.0,4147.575997924805,4749.262991142273,0.6673042619999999,2.1320733000000005,0.47110946884782334,0.9979381832924018,-0.08796823999999988,16.19587634,0.2018463871075352,0.9910268970201808,6.641036449999999,5.645987954999999,12.7980655,10.90620175,6.216162082479157,9.473490251777658,0.8854200358727589,0.8824286540732158,-3.6,42.640713930330485,-51.21597401960381,0.6673042619999999,15.4335931,22.47450856354277,25.0,10.5,22.949534518135568,23.51350983572018,245.48305282592773,0.2,363.7451805114746,2.8,-5.708169915,-5.232634389999999,13.400000000000002,77.0,29.4,47.6,32.902053350372476,0.6837171999999997,39.28574655165525,10.508000370000001,2.89199963,-6.383693201282766,32.902053350372476,39.28574655165525,-6.383693201282766
79,79,79,SRK-36,AQGPGTSFKAQAQTG,15.0,13.31210545948853,3.0,9.0,13.267631,3.10949743690835,9.503645509999998,55.47464805,7.110033459999999,1.7077134769408775,7.484249575,0.2075735,42.0,68.0,18.1,48.8,91.5,65.4,4637.509990501404,3366.6820053100587,1.1031754550000001,1.59517433,0.6770817335356683,0.8072735598515415,4.8728089,31.337141199999998,0.45472591911983445,0.9985633670866798,3.45833485,29.45774302,11.148105599999997,28.464396,5.572804783624088,31.450031576204776,0.9176940178877416,0.9806931914443716,26.1,64.68076851230848,-0.6303446955455303,1.1031754550000001,15.023272400000002,24.41485407352447,25.0,22.1,24.391164430258307,18.62282301236312,313.76258010864257,2.6,264.33033599853513,1.0,-3.03702665,0.18474568000000008,13.400000000000002,19.9,35.9,-16.0,32.164421621823294,3.8963544900000002,24.026184245238067,16.987895085,-3.5878950850000004,8.138237376585229,32.164421621823294,24.026184245238067,8.138237376585229
80,80,4,SRK-73,AQGASTHNAAQAQTG,15.0,13.356110708155963,3.0,9.0,24.042679900000003,7.302090152457194,20.23082254,100.0,-11.891545124999999,-3.412000307183135,-14.117170729999998,0.0,0.0,36.8,-111.8,-46.8,43.8,128.4,2410.729016685486,6989.569004249573,0.667284194,2.5467881300000004,0.5116963276300923,0.999978458283819,32.032696922,18.2141166,0.5478968126733659,0.9999993993186628,32.91077159,3.4891875800000003,38.5130611,9.101706150000002,33.931742603257774,4.459091291152616,0.8412241116306627,0.9725640097955905,-84.6,28.43541320620767,-99.96191132542359,0.667284194,16.0197646,18.80344436645508,25.0,0.0,13.732245585646476,32.951072199825546,247.38676910400392,0.6,327.0830871582031,2.0,-2.6895342900000005,-3.62362189,13.400000000000002,33.2,70.6,-37.4,31.833012834864938,-6.83082254,120.1125964614686,6.11365181,7.28634819,-88.27958362660368,31.833012834864938,120.1125964614686,-88.27958362660368
81,81,97,SRK-88,AQLPISATEAQAQTG,15.0,13.353273670486285,3.0,9.0,16.6797641,4.321474075324752,11.753439749999998,40.7095646,-2.37438521,0.41356394712293004,-4.139797753999999,-1.44010213,21.0,49.4,-75.9,-34.7,59.3,117.0,2884.214989089966,5840.716987228394,1.513952232,1.98240352,0.7290485389140025,0.9851690842222268,20.87225757,13.77945874,0.7999930863822421,0.9398378666433349,14.377190880000004,4.945816653,22.3702336,8.453428910000001,18.273958353202406,7.22509092249947,0.8973773101024097,0.8787335946522681,-57.7,50.17316905212249,-64.9289971648065,1.513952232,13.8927269,24.30014014816284,25.0,16.7,21.36200345202971,27.268632083783757,272.9082260131836,1.0,315.0510772705078,1.8,0.18125227099999996,-7.242827314,13.400000000000002,29.6,28.4,1.2,31.490262387416855,1.6465602500000003,56.83136583763898,7.613641996,5.786358004,-25.341103450222114,31.490262387416855,56.83136583763898,-25.341103450222114
82,82,95,SRK-3,AQVNSTRNVAQAQTG,15.0,13.345834614286437,3.0,9.0,16.6263024,5.135469172679008,10.649355100000001,32.6684846,-2.1650730856000004,0.3315181816813011,-1.7818217500000002,-0.9761798800000001,39.3,43.3,-24.1,-11.0,64.1,76.1,3297.831999015808,4158.062999343872,1.96255202,2.0186167399999997,0.9156969956287794,0.9925713384056106,15.110849340000001,13.22051694,0.8930908181965641,0.8793187729537782,4.78747873,4.49553197,10.793400570000001,9.86865917,4.3249004757415594,4.359164167704053,0.984044892731592,0.9064752232369937,-12.0,59.72694343192919,-16.1523601047523,1.96255202,11.578039899999998,25.109722254011366,25.0,29.2,25.241268558553763,27.794142565072754,269.6346923828125,2.0,188.2533935546875,0.0,-6.445267120000001,-4.345447156000001,13.400000000000002,26.9,76.1,-49.2,31.340355461774443,2.7506449,117.36778211262776,8.867533349999999,4.532466650000001,-86.0274266508533,31.340355461774443,117.36778211262776,-86.0274266508533
83,83,12,SRK-79,AQATTQMSSAQAQTG,15.0,13.308450839876352,3.0,9.0,14.729412300000002,3.2717505724545353,10.45216815,56.518137100000004,-0.2573564578,2.224128086666875,-0.7613243830000003,-0.017603784,29.3,72.6,-31.5,-0.4,89.5,100.3,4398.096008872986,5022.684028053283,1.559502734,1.2197261799999999,0.8486240014824589,0.872471739220579,10.951590649999998,6.140530267000001,0.7351896204645771,0.7096011430125011,3.21922766,3.9986911999999997,12.05814074,10.164680649999998,6.811422805342805,5.401832119392797,0.9029863265664184,0.9270801777788034,-10.8,77.8060905938472,-15.950849449164679,1.559502734,14.564776350000002,23.260145868857705,25.0,13.8,22.9472074178017,24.638795865377254,294.6355499267578,2.6,296.6059684753418,1.4,-4.700899629999999,-1.374103945,13.400000000000002,26.0,51.3,-25.3,31.289107416322842,2.94783185,58.67607518402558,9.690843767,3.7091562330000007,-27.386967767702735,31.289107416322842,58.67607518402558,-27.386967767702735
84,84,51,SRK-96,AQIGTKSTNAQAQTG,15.0,13.277166879413809,3.0,9.0,15.53593785,4.45659866033216,12.37464255,48.25700404999999,-2.9944256900000004,-1.0686000845684664,-3.9598670499999997,-2.19961616,39.7,44.4,-49.2,-31.4,59.1,115.8,2920.75901260376,6738.969010353088,1.4335750680000001,2.0325823,0.9576703365208402,0.9411075725794978,8.778929060000001,12.651060634,0.8140882685755904,0.8227122320569549,5.787590200000001,3.86173446,10.6591311,9.012114630000001,7.333152446897444,7.268327570717155,0.8298096617877292,0.9082034321880208,-56.7,57.49546880288043,-53.3276552693049,1.4335750680000001,16.498880099999997,23.415550967625208,25.0,16.5,23.772479428733767,35.329081446274415,258.2570434570313,0.6,338.29307861328124,1.8,-2.02654332,-0.5280639799999997,13.400000000000002,30.0,93.7,-63.7,30.78056156703881,1.02535745,110.60863369061258,8.4147755,4.9852245,-79.82807212357379,30.78056156703881,110.60863369061258,-79.82807212357379
85,85,89,SRK-71,AQLQPTKSSAQAQTG,15.0,13.338686589783487,3.0,9.0,15.79607935,4.4233093846937805,10.667926,56.3143229,-4.081443716000001,-0.10695429536254072,-4.55130738,-0.4771744750000001,26.5,54.2,-88.4,-57.1,69.7,146.6,3839.292998313904,8120.480005836487,0.897600886,2.18911291,0.6354787418252641,0.9994129230451009,3.0882549379999995,15.597525799999996,0.35097722163629846,0.9996382936115309,5.186399270000001,2.53735876,10.8339881,8.59998241,6.165347099735051,2.9623161314910824,0.8394094483605027,0.9194169666928425,-76.9,41.14961527263223,-105.37417294196923,0.897600886,16.4110023,24.663807597527136,25.0,15.8,24.95671440337271,30.933708058924292,296.10755310058596,1.8,230.77558212280275,3.2,-4.533666008999999,-6.65852991,13.400000000000002,40.1,86.4,-46.3,29.40376183617865,2.732074,138.88962412945492,6.116618620000001,7.28338138,-109.48586229327626,29.40376183617865,138.88962412945492,-109.48586229327626
86,86,53,SRK-34,AQGATGHLTAQAQTG,15.0,13.330400429076178,3.0,9.0,15.635507499999997,5.271709029434968,10.350404999999999,39.318671399999985,-1.458176726,-1.36890681608533,-1.32892251,-0.6345146212,69.8,76.3,-0.9,20.2,127.6,91.5,6508.661000061035,4828.476000022888,1.74203157,1.8761681999999997,0.9038640919686305,0.9411061644973087,23.453234000000002,12.624906734,0.9999779092139139,0.8227122183838457,16.22020772,5.21805777,19.721198599999997,9.443465369999998,13.53260493315156,7.227384667964787,0.8852786284569099,0.909905571478237,36.1,127.55962271881306,41.62350229204637,1.74203157,15.4104153,23.63226654900445,25.0,12.5,22.398227117882662,28.58970257010602,214.5996871948242,3.8,382.80199279785154,0.8,-8.26204205,-4.768473169999999,13.400000000000002,18.9,66.8,-47.9,28.18853976979135,3.0495950000000005,79.190902449606,9.02148249,4.37851751,-51.00236267981466,28.18853976979135,79.190902449606,-51.00236267981466
87,87,26,SRK-95,AQSANNVRGAQAQTG,15.0,13.359955864581767,3.0,9.0,16.882453950000002,5.190163508621609,11.383474979999999,56.75301460000001,-4.983761078000001,-2.199113257044395,-4.25692665,-1.063196365,31.0,57.6,-72.0,-32.4,72.1,137.3,3753.9489900588987,7616.429988288879,0.98550363,2.47572401,0.7338357864346535,0.9998914679440796,3.2177078299999993,17.4442474,0.49197630385217705,0.9999809151971819,4.768147037,3.0078939799999995,11.482634699999997,8.38009562,7.313066102710439,3.6878868314004007,0.9050628626723546,0.8693295792775284,-65.2,50.67363958408125,-86.611282963732,0.98550363,14.936564499999998,22.51642862436723,25.0,15.4,22.732510536696942,37.08326264116274,246.85812072753907,2.0,333.2120559692383,3.2,-2.77169155,-6.9222167,13.400000000000002,27.1,57.7,-30.6,26.202745583282912,2.0165250200000004,85.65577481986222,7.12654833,6.273451670000001,-59.45302923657931,26.202745583282912,85.65577481986222,-59.45302923657931
88,88,57,SRK-47,AQARTAHGYAQAQTG,15.0,13.361129290339623,3.0,9.0,18.067861699999998,5.628068327468384,13.2009761,58.351737400000005,-3.98772493,-2.68663788846134,-5.117431303,-1.2129068200000002,24.6,50.6,-52.5,-30.6,65.8,114.3,3005.5399961471558,5905.612000465393,1.478704895,2.018256824,0.7360967540779226,0.9488486511610862,9.49903375,13.744840055000001,0.6004812086452406,0.9044446892855589,3.80142466,4.936284189999999,10.85623277,10.36042944,5.328757558739657,7.050529143465589,0.92472667517006,0.8647274789180003,-48.5,48.973375830944775,-60.02141166606369,1.478704895,13.1966745,23.70311110814412,25.0,14.2,23.20009531004561,26.434542048288346,369.986067199707,2.2,344.778515625,2.0,-4.278539594350001,-7.026042250000001,13.400000000000002,28.7,42.2,-13.5,24.313984411396643,0.19902390000000061,61.39441516524573,8.083544796999998,5.316455203,-37.08043075384907,24.313984411396643,61.39441516524573,-37.08043075384907
89,89,90,SRK-55,AQSGTGRQQAQAQTG,15.0,13.296074242483233,3.0,9.0,18.7123447,3.1742024454013835,14.9041154,100.0,-4.746752175,2.4253191127963487,-5.75948814,0.0,1.2,43.8,-94.9,-51.8,59.8,145.6,2442.8120044708253,7279.405022239685,0.616770205,1.70419959,0.5734706985231822,0.997962007730619,9.130569170000001,11.926139439999998,0.2774995512854806,0.9965666036509477,14.780728599999998,6.5574286299999995,21.372191309999998,9.859525049999998,15.867454414272853,6.652701625380547,0.8198280443583373,0.9002000598172291,-85.8,37.55209241826663,-107.79291161742101,0.616770205,16.7382605,20.70806000137329,25.0,0.0,19.25242600390086,25.240164204415002,304.372811126709,0.4,248.43476600646972,3.8,-2.34808019,-5.382115118,13.400000000000002,34.1,25.6,8.5,24.243322818425042,-1.5041153999999994,35.895554145255076,9.144627259999998,4.25537274,-11.652231326830032,24.243322818425042,35.895554145255076,-11.652231326830032
90,90,58,SRK-66,AQGSSTASLAQAQTG,15.0,13.34357598482976,3.0,9.0,17.878644400000002,5.635434982812169,10.77209314,82.6969258,-6.973699943,-2.5016813081463836,-4.34105645,-0.32307102000000004,9.3,49.2,-105.7,-15.8,77.7,115.4,3850.434003829956,6615.393984985351,1.8918968099999998,2.8310556799999995,0.9215280320454706,0.9999979580090189,14.880111,18.1038113,0.9001359212989468,0.9999996793452679,5.73877109,3.790743150000001,10.777901629999999,6.20553346,4.028237137182055,4.910236766750206,0.9408091352229893,0.9907935770718954,-37.7,71.10714661730022,-44.29261479427709,1.8918968099999998,13.491984550000002,21.963285723186676,25.0,2.7,22.40584925789709,36.7633103258604,173.25202331542968,1.6,293.9074996948242,1.4,-10.653168349999998,-5.060246477,13.400000000000002,24.8,72.6,-47.8,22.551529650516652,2.6279068600000004,109.7475177105049,6.431036690000001,6.9689633099999995,-87.19598805998824,22.551529650516652,109.7475177105049,-87.19598805998824
91,91,13,SRK-32,AQSAQLRSSAQAQTG,15.0,13.325954654769802,3.0,9.0,17.5183199,5.617599180738047,12.6579874,75.0625332,-3.15152733,-1.374314649295562,-2.633854103,-1.39156027,20.9,68.7,-42.0,-10.3,98.3,97.6,4345.570987319947,4814.848001861572,0.5569237199999999,1.3858919,0.4735708801393389,0.8740096797793055,9.261678843,8.079171126999999,0.2147393336246274,0.7129507249245879,13.63730754,3.1803675599999996,20.5809663,11.12302925,15.149871591123803,4.806667448656453,0.9116931032880314,0.8697013806247453,0.7,56.780123379857855,-32.999877361179685,0.5569237199999999,13.721762350000002,22.37976468404134,25.0,10.7,19.893587892741877,25.036957890363407,207.8040008544922,1.0,264.8148193359375,1.6,-3.5888676700000004,-1.1225131299999997,13.400000000000002,38.4,54.9,-16.5,22.123272503743273,0.7420126000000007,61.97028950861197,10.024133296999999,3.375866703,-39.84701700486869,22.123272503743273,61.97028950861197,-39.84701700486869
92,92,84,SRK-7,AQDTANTARAQAQTG,15.0,13.359766154850158,3.0,9.0,16.0918921,4.1943346251015665,11.532392699999999,74.1924756,-3.59695713,-0.06114457081082736,-4.531620266,-1.11927109,51.0,86.5,-34.4,14.1,128.7,115.7,5313.717007446289,6691.625017166138,0.9950611746,2.1891898000000003,0.6514932641321409,0.9991565216241179,3.4666173600000008,14.62133775,0.3918185062680211,0.9994063474904626,5.01672901,4.557541949999999,12.185573649999998,7.883745670000001,5.407956030042728,5.648654412213598,0.8725493177375924,0.9287507663265517,13.0,89.49158388752747,-26.11282877105058,0.9950611746,15.386639300000002,22.2426274767109,25.0,9.7,23.15234746913967,31.173508298314562,292.279923248291,4.4,286.29568634033205,2.0,-3.3241584439999996,-4.616458379999999,13.400000000000002,37.9,65.0,-27.1,21.135603325450234,1.8676073000000002,100.16746847758915,7.000772433999998,6.399227566000002,-79.03186515213892,21.135603325450234,100.16746847758915,-79.03186515213892
93,93,22,SRK-65,AQEQRTPSPAQAQTG,15.0,13.357071093049068,3.0,9.0,23.616713,6.597232310429559,17.8554556,70.60660885000001,-8.263674581,-2.284489829224028,-6.6486335069999996,-4.597288649999999,16.2,33.6,-50.9,-34.8,44.6,86.8,2258.335005378723,3820.5589973449705,0.556321597,1.1622519869999999,0.4937741991192488,0.6079548064815252,30.7973335275,17.36782283,0.4773307092030404,0.5122599948805114,33.274743990000005,13.413669559999999,38.958809,21.079391230000002,36.039436673953766,15.430421740049098,0.8100405957157231,0.9346659142504361,-42.2,26.653403039847852,-22.601538852822323,0.556321597,16.971631,23.40255366734096,25.0,15.5,16.60521207752901,23.696874510787886,199.08691177368163,0.4,277.35058135986327,1.4,-2.013580837,-1.8115798900000002,13.400000000000002,37.7,31.6,6.1,20.612449262930355,-4.4554556000000005,9.083272538276617,11.206822093000003,2.193177907,11.529176724653738,20.612449262930355,9.083272538276617,11.529176724653738
94,94,8,SRK-80,AQKYDASQSAQAQTG,15.0,13.311997460107147,3.0,9.0,13.999543200000002,3.6663969408934314,10.01277395,31.015240200000004,-0.4306400599999999,0.03825861840022462,-1.5781964309999998,-1.62395803,29.3,65.0,-34.0,-13.0,89.0,105.4,4544.0719945907595,5635.622996520996,1.147363686,2.061487036,0.7805068639619013,0.954301878689793,6.0367806349999995,14.569563850000003,0.5583763157726659,0.900390428299288,4.4081082899999995,2.4730409399999997,11.163155249999999,9.305833840000002,5.562822650156983,3.244396495842956,0.9355207048939533,0.9415498246518721,-16.4,68.27316454617723,-33.515653089623235,1.147363686,14.3322647,23.53598187533292,25.0,14.9,23.182899496383282,28.13497419655301,279.7134643554688,3.6,345.7362915039063,0.4,-5.4187841409,-6.950874000000001,13.400000000000002,16.4,80.8,-64.4,18.787347198673956,3.387226050000001,104.41515816614249,8.434577519,4.965422481,-85.62781096746853,18.787347198673956,104.41515816614249,-85.62781096746853
95,95,41,SRK-91,AQNGDSHSHAQAQTG,15.0,13.347557835329763,3.0,9.0,29.938459900000005,6.841001329049338,25.317142100000005,100.0,-16.20664774,-2.47152705319376,-17.71706816,0.0,0.0,12.1,-139.1,-96.9,21.6,158.9,997.7850025177001,8616.07899608612,0.602248924,2.29300712,0.424432877808369,0.9998343035737323,42.808876167,16.1836253,0.6717830110806875,0.999991382352512,45.26723002,4.3396445,48.4081895,9.85381285,44.473096609682564,4.9166969404699925,0.8381248687482357,0.8850859994230607,-137.3,11.437266180144622,-147.43482865306956,0.602248924,16.388115000000003,18.364538478851316,25.0,0.0,11.691790420895531,33.199220640249145,101.07547302246094,0.0,257.389022064209,1.6,-4.792736409999999,-5.003377179999999,13.400000000000002,21.6,78.8,-57.2,16.31927126997778,-11.917142100000001,112.14899087748559,7.60007394,5.799926059999999,-95.82971960750781,16.31927126997778,112.14899087748559,-95.82971960750781
96,96,17,SRK-48,AQHSANMSKAQAQTG,15.0,13.34518821040869,3.0,9.0,18.1202015,5.360355537225397,13.68675155,83.10699430000001,-2.9709172600000002,0.42515343058585164,-3.6880269009999997,0.17384348000000002,9.4,28.4,-58.7,-50.9,41.4,136.4,2083.358002376556,6811.404991912842,0.7662595010000001,1.4670251089999997,0.5973235585340532,0.8772390010677011,11.447565119999998,9.03538766,0.3963729585363985,0.7704053843659341,14.90112856,7.1405480699999995,20.13107424,9.9734767,16.099813871062395,7.885567776995954,0.8139150257866443,0.8951256179859464,-95.0,21.93783565880423,-104.7356557687242,0.7662595010000001,16.0911787,21.41709616000836,25.0,6.6,19.9926923482768,25.084368113051262,305.44435119628906,0.8,296.47628021240234,4.0,-2.375372329,-8.890078679999998,13.400000000000002,23.6,18.9,4.7,15.979784653169895,-0.28675154999999963,27.16652004836572,9.998724649,3.4012753510000002,-11.186735395195827,15.979784653169895,27.16652004836572,-11.186735395195827
97,97,46,SRK-69,AQTHTRDQGAQAQTG,15.0,13.335414515756534,3.0,9.0,25.2347757,6.932466693728894,19.487897300000004,100.0,-12.977747899999997,-3.7065522610305415,-11.49178083,0.0,0.0,25.3,-73.7,-54.9,37.5,93.1,1908.658999633789,5054.238987541199,0.991993755,1.871346334,0.7148970865083916,0.9035583310393193,24.53943353,11.004839709999999,0.7274887243298404,0.8378914394311907,25.40302409,2.5681602199999998,31.396344300000003,9.70519347,26.30548145128605,6.310377429793201,0.7530922391163568,0.9308982635096752,-55.6,29.946957222640737,-52.89566186562405,0.991993755,17.6765416,18.39042855330876,25.0,0.0,15.705962751880719,29.895966681162356,254.31155395507812,0.6,349.8361480712891,2.0,-5.817975013,-2.33380292,13.400000000000002,20.7,49.5,-28.8,15.948790843241374,-6.087897300000001,69.57674706876732,7.99611647,5.40388353,-53.62795622552594,15.948790843241374,69.57674706876732,-53.62795622552594
98,98,59,SRK-54,AQTLNSIRAAQAQTG,15.0,13.31563628350339,3.0,9.0,17.8934464,5.398689167442421,13.5721952,18.1706311,-8.67093807,-2.765747609261509,-8.339100700000001,-8.980794529999999,60.5,46.9,-55.4,-35.6,71.4,127.4,2779.7889934539794,7125.9939846038815,2.25116615,2.8771120800000003,0.9964493153811607,0.9999986384269173,19.48978182,18.2074087,0.9423909634910789,0.9999995995607993,4.66089883,2.28332041,11.970768690000003,5.913840680000001,6.048012559010187,3.4288671171683047,0.991535496328213,0.9822934846751419,-56.0,71.27260471384143,-56.1272094636882,2.25116615,10.39129075,28.03886789645789,25.0,43.4,27.675926479636058,35.2369252056803,272.841130065918,2.2,300.83857879638674,1.8,1.2373357839999999,-1.3565650970000003,13.400000000000002,12.2,59.1,-46.9,13.177639160048994,-0.17219519999999963,115.28306008241873,5.2330945,8.166905500000002,-102.10542092236975,13.177639160048994,115.28306008241873,-102.10542092236975
99,99,81,AAV9,AQAQAQTG,8.0,13.353923061236788,2.0,3.0,47.612327,8.354337369691068,44.7415909,100.0,-32.83664752,-3.827221287873398,-35.69451135,0.0,3.0,8.0,-69.7,-55.4,18.4,125.0,827.385998249054,5911.918010902405,0.643861585,2.1103688700000003,0.4413366131841176,0.9220395883888839,53.38646757,14.723950519999999,0.8137936122305982,0.9015471503485097,52.74693358599999,6.58600686,59.107956349999995,8.9633823,52.59330024198522,8.347788040095017,0.9994111126551039,0.9315105874571697,-106.6,15.200365085909718,-100.59759219596756,0.643861585,5.114260799999999,17.38364292553493,25.0,0.0,9.099729632195972,25.290789135103118,74.75124740600586,0.2,320.5035461425781,3.2,-2.0500300430000005,-6.063847699999999,13.400000000000002,8.7,32.5,-23.8,0.0,-31.3415909,42.3627774137016,9.04707955,4.35292045,-42.3627774137016,0.0,42.3627774137016,-42.3627774137016
